#datatype string,string,string,date,tag
"ภาค","จังหวัด","อำเภอ","07-Mar-2023","ระดับความเสี่ยง"
"ภาคใต้ฝั่งตะวันออก","นครศรีธรรมราช","ลานสกา","20.31","เล็กน้อย-ปานกลาง"
"ภาคใต้ฝั่งตะวันออก","นครศรีธรรมราช","ช้างกลาง","13.98","เล็กน้อย-ปานกลาง"
"ภาคใต้ฝั่งตะวันออก","นครศรีธรรมราช","ท่าศาลา","13.03","เล็กน้อย-ปานกลาง"
"ภาคใต้ฝั่งตะวันออก","นครศรีธรรมราช","พรหมคีรี","12.46","เล็กน้อย-ปานกลาง"
"ภาคใต้ฝั่งตะวันออก","นครศรีธรรมราช","ร่อนพิบูลย์","11.46","เล็กน้อย-ปานกลาง"
"ภาคใต้ฝั่งตะวันออก","นครศรีธรรมราช","พิปูน","11.08","เล็กน้อย-ปานกลาง"
"ภาคใต้ฝั่งตะวันออก","นครศรีธรรมราช","นบพิตำ","10.77","เล็กน้อย-ปานกลาง"
"ภาคใต้ฝั่งตะวันออก","นครศรีธรรมราช","เมืองนครศรีธรรมร","10.05","เล็กน้อย-ปานกลาง"
"ภาคเหนือ","เชียงใหม่","แม่แจ่ม","9.98","เล็กน้อย-ปานกลาง"
"ภาคใต้ฝั่งตะวันออก","นครศรีธรรมราช","ทุ่งสง","8.97","เล็กน้อย-ปานกลาง"
"ภาคใต้ฝั่งตะวันออก","นครศรีธรรมราช","ปากพนัง","8.92","เล็กน้อย-ปานกลาง"
"ภาคใต้ฝั่งตะวันออก","นครศรีธรรมราช","ฉวาง","7.34","เล็กน้อย-ปานกลาง"
"ภาคเหนือ","เชียงใหม่","จอมทอง","6.93","เล็กน้อย-ปานกลาง"
"ภาคใต้ฝั่งตะวันออก","พัทลุง","กงหรา","6.47","เล็กน้อย-ปานกลาง"
"ภาคใต้ฝั่งตะวันตก","พังงา","ตะกั่วทุ่ง","6.18","เล็กน้อย-ปานกลาง"
"ภาคใต้ฝั่งตะวันออก","นครศรีธรรมราช","พระพรหม","5.06","เล็กน้อย-ปานกลาง"
"ภาคใต้ฝั่งตะวันตก","ตรัง","ย่านตาขาว","4.89","เล็กน้อย-ปานกลาง"
"ภาคใต้ฝั่งตะวันออก","นครศรีธรรมราช","เฉลิมพระเกียรติ","4.71","เล็กน้อย-ปานกลาง"
"ภาคใต้ฝั่งตะวันออก","นครศรีธรรมราช","ถ้ำพรรณรา","4.69","เล็กน้อย-ปานกลาง"
"ภาคใต้ฝั่งตะวันตก","ภูเก็ต","ถลาง","4.57","เล็กน้อย-ปานกลาง"
"ภาคเหนือ","เชียงใหม่","แม่วาง","4.45","เล็กน้อย-ปานกลาง"
"ภาคใต้ฝั่งตะวันตก","พังงา","ตะกั่วป่า","4.42","เล็กน้อย-ปานกลาง"
"ภาคใต้ฝั่งตะวันตก","พังงา","เมืองพังงา","4.23","เล็กน้อย-ปานกลาง"
"ภาคใต้ฝั่งตะวันออก","พัทลุง","ศรีนครินทร์","4.14","เล็กน้อย-ปานกลาง"
"ภาคใต้ฝั่งตะวันออก","นราธิวาส","ศรีสาคร","3.72","เล็กน้อย-ปานกลาง"
"ภาคใต้ฝั่งตะวันออก","พัทลุง","ตะโหมด","3.37","เล็กน้อย-ปานกลาง"
"ภาคใต้ฝั่งตะวันตก","พังงา","เกาะยาว","3.36","เล็กน้อย-ปานกลาง"
"ภาคเหนือ","เชียงใหม่","กัลยาณิวัฒนา","3.31","เล็กน้อย-ปานกลาง"
"ภาคใต้ฝั่งตะวันออก","สุราษฎร์ธานี","เคียนซา","3.06","เล็กน้อย-ปานกลาง"
"ภาคใต้ฝั่งตะวันออก","ยะลา","ธารโต","3.04","เล็กน้อย-ปานกลาง"
"ภาคเหนือ","แม่ฮ่องสอน","เมืองแม่ฮ่องสอน","3.02","เล็กน้อย-ปานกลาง"
"ภาคใต้ฝั่งตะวันออก","นราธิวาส","จะแนะ","2.87","เล็กน้อย-ปานกลาง"
"ภาคใต้ฝั่งตะวันตก","พังงา","ทับปุด","2.59","เล็กน้อย-ปานกลาง"
"ภาคใต้ฝั่งตะวันตก","ตรัง","ปะเหลียน","2.56","เล็กน้อย-ปานกลาง"
"ภาคตะวันออก","ชลบุรี","สัตหีบ","2.50","เล็กน้อย-ปานกลาง"
"ภาคใต้ฝั่งตะวันตก","พังงา","ท้ายเหมือง","2.21","เล็กน้อย-ปานกลาง"
"ภาคเหนือ","น่าน","บ่อเกลือ","2.15","เล็กน้อย-ปานกลาง"
"ภาคใต้ฝั่งตะวันออก","พัทลุง","ป่าพะยอม","2.14","เล็กน้อย-ปานกลาง"
"ภาคใต้ฝั่งตะวันออก","สุราษฎร์ธานี","เวียงสระ","2.12","เล็กน้อย-ปานกลาง"
"ภาคใต้ฝั่งตะวันตก","ภูเก็ต","เมืองภูเก็ต","2.07","เล็กน้อย-ปานกลาง"
"ภาคใต้ฝั่งตะวันออก","ยะลา","เบตง","2.04","เล็กน้อย-ปานกลาง"
"ภาคใต้ฝั่งตะวันออก","นครศรีธรรมราช","ชะอวด","2.01","เล็กน้อย-ปานกลาง"
"ภาคใต้ฝั่งตะวันตก","พังงา","คุระบุรี","2.01","เล็กน้อย-ปานกลาง"
"ภาคใต้ฝั่งตะวันออก","นราธิวาส","สุคิริน","2.00","เล็กน้อย-ปานกลาง"
"ภาคใต้ฝั่งตะวันออก","นราธิวาส","สุไหงปาดี","1.97","เล็กน้อย-ปานกลาง"
"ภาคใต้ฝั่งตะวันตก","ตรัง","กันตัง","1.66","เล็กน้อย-ปานกลาง"
"ภาคเหนือ","เชียงใหม่","อมก๋อย","1.62","เล็กน้อย-ปานกลาง"
"ภาคใต้ฝั่งตะวันออก","นครศรีธรรมราช","สิชล","1.62","เล็กน้อย-ปานกลาง"
"ภาคใต้ฝั่งตะวันออก","พัทลุง","ศรีบรรพต","1.61","เล็กน้อย-ปานกลาง"
"ภาคใต้ฝั่งตะวันตก","พังงา","กะปง","1.59","เล็กน้อย-ปานกลาง"
"ภาคใต้ฝั่งตะวันออก","นครศรีธรรมราช","จุฬาภรณ์","1.56","เล็กน้อย-ปานกลาง"
"ภาคใต้ฝั่งตะวันออก","นครศรีธรรมราช","เชียรใหญ่","1.52","เล็กน้อย-ปานกลาง"
"ภาคใต้ฝั่งตะวันตก","กระบี่","ปลายพระยา","1.52","เล็กน้อย-ปานกลาง"
"ภาคใต้ฝั่งตะวันออก","นครศรีธรรมราช","ทุ่งใหญ่","1.48","เล็กน้อย-ปานกลาง"
"ภาคใต้ฝั่งตะวันออก","สุราษฎร์ธานี","พนม","1.48","เล็กน้อย-ปานกลาง"
"ภาคใต้ฝั่งตะวันตก","ตรัง","นาโยง","1.48","เล็กน้อย-ปานกลาง"
"ภาคใต้ฝั่งตะวันออก","สุราษฎร์ธานี","พระแสง","1.33","เล็กน้อย-ปานกลาง"
"ภาคเหนือ","แม่ฮ่องสอน","สบเมย","1.32","เล็กน้อย-ปานกลาง"
"ภาคใต้ฝั่งตะวันตก","ตรัง","ห้วยยอด","1.25","เล็กน้อย-ปานกลาง"
"ภาคใต้ฝั่งตะวันตก","กระบี่","อ่าวลึก","1.18","เล็กน้อย-ปานกลาง"
"ภาคตะวันออก","ระยอง","บ้านฉาง","1.12","เล็กน้อย-ปานกลาง"
"ภาคใต้ฝั่งตะวันออก","สุราษฎร์ธานี","บ้านตาขุน","1.09","เล็กน้อย-ปานกลาง"
"ภาคใต้ฝั่งตะวันออก","พัทลุง","ป่าบอน","1.08","เล็กน้อย-ปานกลาง"
"ภาคใต้ฝั่งตะวันออก","พัทลุง","ควนขนุน","1.05","เล็กน้อย-ปานกลาง"
"ภาคเหนือ","เชียงใหม่","สะเมิง","1.04","เล็กน้อย-ปานกลาง"
"ภาคใต้ฝั่งตะวันออก","พัทลุง","เมืองพัทลุง","0.98","เล็กน้อย-ปานกลาง"
"ภาคใต้ฝั่งตะวันออก","สุราษฎร์ธานี","คีรีรัฐนิคม","0.83","เล็กน้อย-ปานกลาง"
"ภาคเหนือ","ตาก","ท่าสองยาง","0.82","เล็กน้อย-ปานกลาง"
"ภาคใต้ฝั่งตะวันตก","ภูเก็ต","กะทู้","0.82","เล็กน้อย-ปานกลาง"
"ภาคใต้ฝั่งตะวันออก","ยะลา","บันนังสตา","0.82","เล็กน้อย-ปานกลาง"
"ภาคใต้ฝั่งตะวันออก","พัทลุง","เขาชัยสน","0.79","เล็กน้อย-ปานกลาง"
"ภาคใต้ฝั่งตะวันออก","สงขลา","กระแสสินธุ์","0.78","เล็กน้อย-ปานกลาง"
"ภาคใต้ฝั่งตะวันออก","นราธิวาส","เจาะไอร้อง","0.77","เล็กน้อย-ปานกลาง"
"ภาคใต้ฝั่งตะวันออก","สุราษฎร์ธานี","บ้านนาสาร","0.74","เล็กน้อย-ปานกลาง"
"ภาคใต้ฝั่งตะวันออก","นราธิวาส","ระแงะ","0.69","เล็กน้อย-ปานกลาง"
"ภาคใต้ฝั่งตะวันออก","สงขลา","ระโนด","0.68","เล็กน้อย-ปานกลาง"
"ภาคเหนือ","แม่ฮ่องสอน","แม่ลาน้อย","0.67","เล็กน้อย-ปานกลาง"
"ภาคตะวันออก","ชลบุรี","บางละมุง","0.66","เล็กน้อย-ปานกลาง"
"ภาคเหนือ","น่าน","เฉลิมพระเกียรติ","0.64","เล็กน้อย-ปานกลาง"
"ภาคใต้ฝั่งตะวันตก","กระบี่","เมืองกระบี่","0.60","เล็กน้อย-ปานกลาง"
"ภาคใต้ฝั่งตะวันออก","พัทลุง","ปากพะยูน","0.57","เล็กน้อย-ปานกลาง"
"ภาคใต้ฝั่งตะวันออก","นครศรีธรรมราช","หัวไทร","0.55","เล็กน้อย-ปานกลาง"
"ภาคใต้ฝั่งตะวันตก","กระบี่","เขาพนม","0.49","เล็กน้อย-ปานกลาง"
"ภาคใต้ฝั่งตะวันออก","สุราษฎร์ธานี","ชัยบุรี","0.46","เล็กน้อย-ปานกลาง"
"ภาคเหนือ","แม่ฮ่องสอน","ขุนยวม","0.42","เล็กน้อย-ปานกลาง"
"ภาคเหนือ","แม่ฮ่องสอน","ปาย","0.42","เล็กน้อย-ปานกลาง"
"ภาคใต้ฝั่งตะวันออก","สุราษฎร์ธานี","วิภาวดี","0.42","เล็กน้อย-ปานกลาง"
"ภาคใต้ฝั่งตะวันออก","นครศรีธรรมราช","ขนอม","0.39","เล็กน้อย-ปานกลาง"
"ภาคใต้ฝั่งตะวันออก","สุราษฎร์ธานี","กาญจนดิษฐ์","0.38","เล็กน้อย-ปานกลาง"
"ภาคใต้ฝั่งตะวันตก","ตรัง","เมืองตรัง","0.38","เล็กน้อย-ปานกลาง"
"ภาคใต้ฝั่งตะวันตก","ตรัง","รัษฎา","0.36","เล็กน้อย-ปานกลาง"
"ภาคตะวันออก","ระยอง","เมืองระยอง","0.34","เล็กน้อย-ปานกลาง"
"ภาคใต้ฝั่งตะวันออก","สงขลา","เมืองสงขลา","0.34","เล็กน้อย-ปานกลาง"
"ภาคเหนือ","เชียงใหม่","ฮอด","0.30","เล็กน้อย-ปานกลาง"
"ภาคใต้ฝั่งตะวันออก","ชุมพร","ท่าแซะ","0.30","เล็กน้อย-ปานกลาง"
"ภาคเหนือ","พิษณุโลก","ชาติตระการ","0.28","เล็กน้อย-ปานกลาง"
"ภาคเหนือ","น่าน","แม่จริม","0.27","เล็กน้อย-ปานกลาง"
"ภาคใต้ฝั่งตะวันออก","ชุมพร","ปะทิว","0.26","เล็กน้อย-ปานกลาง"
"ภาคใต้ฝั่งตะวันออก","พัทลุง","บางแก้ว","0.25","เล็กน้อย-ปานกลาง"
"ภาคตะวันออก","ระยอง","นิคมพัฒนา","0.23","เล็กน้อย-ปานกลาง"
"ภาคใต้ฝั่งตะวันออก","สุราษฎร์ธานี","ดอนสัก","0.23","เล็กน้อย-ปานกลาง"
"ภาคใต้ฝั่งตะวันตก","ระนอง","กระบุรี","0.23","เล็กน้อย-ปานกลาง"
"ภาคใต้ฝั่งตะวันตก","ระนอง","สุขสำราญ","0.23","เล็กน้อย-ปานกลาง"
"ภาคใต้ฝั่งตะวันออก","ชุมพร","เมืองชุมพร","0.23","เล็กน้อย-ปานกลาง"
"ภาคตะวันออก","จันทบุรี","ท่าใหม่","0.21","เล็กน้อย-ปานกลาง"
"ภาคเหนือ","เชียงใหม่","แม่แตง","0.21","เล็กน้อย-ปานกลาง"
"ภาคใต้ฝั่งตะวันออก","สุราษฎร์ธานี","ท่าชนะ","0.21","เล็กน้อย-ปานกลาง"
"ภาคใต้ฝั่งตะวันออก","ยะลา","รามัน","0.21","เล็กน้อย-ปานกลาง"
"ภาคใต้ฝั่งตะวันออก","นราธิวาส","บาเจาะ","0.21","เล็กน้อย-ปานกลาง"
"ภาคใต้ฝั่งตะวันออก","สุราษฎร์ธานี","ท่าฉาง","0.20","เล็กน้อย-ปานกลาง"
"ภาคใต้ฝั่งตะวันออก","นราธิวาส","ตากใบ","0.20","เล็กน้อย-ปานกลาง"
"ภาคตะวันออก","จันทบุรี","แก่งหางแมว","0.19","เล็กน้อย-ปานกลาง"
"ภาคเหนือ","แม่ฮ่องสอน","แม่สะเรียง","0.19","เล็กน้อย-ปานกลาง"
"ภาคตะวันออก","จันทบุรี","นายายอาม","0.18","เล็กน้อย-ปานกลาง"
"ภาคใต้ฝั่งตะวันออก","สงขลา","สิงหนคร","0.18","เล็กน้อย-ปานกลาง"
"ภาคตะวันออก","นครนายก","บ้านนา","0.17","เล็กน้อย-ปานกลาง"
"ภาคตะวันออก","นครนายก","องครักษ์","0.17","เล็กน้อย-ปานกลาง"
"ภาคใต้ฝั่งตะวันออก","ปัตตานี","กะพ้อ","0.16","เล็กน้อย-ปานกลาง"
"ภาคใต้ฝั่งตะวันออก","นราธิวาส","แว้ง","0.16","เล็กน้อย-ปานกลาง"
"ภาคกลาง","ปทุมธานี","หนองเสือ","0.15","เล็กน้อย-ปานกลาง"
"ภาคตะวันออก","นครนายก","เมืองนครนายก","0.15","เล็กน้อย-ปานกลาง"
"ภาคเหนือ","น่าน","นาน้อย","0.15","เล็กน้อย-ปานกลาง"
"ภาคใต้ฝั่งตะวันออก","สุราษฎร์ธานี","เกาะสมุย","0.15","เล็กน้อย-ปานกลาง"
"ภาคใต้ฝั่งตะวันออก","สงขลา","รัตภูมิ","0.15","เล็กน้อย-ปานกลาง"
"ภาคตะวันออก","ปราจีนบุรี","บ้านสร้าง","0.14","เล็กน้อย-ปานกลาง"
"ภาคใต้ฝั่งตะวันออก","นครศรีธรรมราช","นาบอน","0.14","เล็กน้อย-ปานกลาง"
"ภาคใต้ฝั่งตะวันออก","สุราษฎร์ธานี","พุนพิน","0.14","เล็กน้อย-ปานกลาง"
"ภาคใต้ฝั่งตะวันออก","ชุมพร","ละแม","0.14","เล็กน้อย-ปานกลาง"
"ภาคใต้ฝั่งตะวันตก","ตรัง","สิเกา","0.14","เล็กน้อย-ปานกลาง"
"ภาคใต้ฝั่งตะวันออก","นราธิวาส","เมืองนราธิวาส","0.14","เล็กน้อย-ปานกลาง"
"ภาคกลาง","นนทบุรี","ไทรน้อย","0.13","เล็กน้อย-ปานกลาง"
"ภาคกลาง","พระนครศรีอยุธยา","บางซ้าย","0.13","เล็กน้อย-ปานกลาง"
"ภาคกลาง","พระนครศรีอยุธยา","เสนา","0.13","เล็กน้อย-ปานกลาง"
"ภาคกลาง","สระบุรี","วิหารแดง","0.13","เล็กน้อย-ปานกลาง"
"ภาคกลาง","นครปฐม","บางเลน","0.13","เล็กน้อย-ปานกลาง"
"ภาคใต้ฝั่งตะวันออก","ประจวบคีรีขันธ์","บางสะพานน้อย","0.13","เล็กน้อย-ปานกลาง"
"ภาคกลาง","พระนครศรีอยุธยา","ภาชี","0.12","เล็กน้อย-ปานกลาง"
"ภาคกลาง","พระนครศรีอยุธยา","ผักไห่","0.12","เล็กน้อย-ปานกลาง"
"ภาคกลาง","พระนครศรีอยุธยา","อุทัย","0.12","เล็กน้อย-ปานกลาง"
"ภาคกลาง","อ่างทอง","ป่าโมก","0.12","เล็กน้อย-ปานกลาง"
"ภาคกลาง","สระบุรี","หนองแค","0.12","เล็กน้อย-ปานกลาง"
"ภาคตะวันออก","ฉะเชิงเทรา","บางน้ำเปรี้ยว","0.12","เล็กน้อย-ปานกลาง"
"ภาคกลาง","สุพรรณบุรี","บางปลาม้า","0.12","เล็กน้อย-ปานกลาง"
"ภาคกลาง","สุพรรณบุรี","เมืองสุพรรณบุรี","0.12","เล็กน้อย-ปานกลาง"
"ภาคใต้ฝั่งตะวันออก","สงขลา","หาดใหญ่","0.12","เล็กน้อย-ปานกลาง"
"ภาคใต้ฝั่งตะวันออก","นราธิวาส","ยี่งอ","0.12","เล็กน้อย-ปานกลาง"
"ภาคกลาง","ปทุมธานี","ลาดหลุมแก้ว","0.11","เล็กน้อย-ปานกลาง"
"ภาคกลาง","พระนครศรีอยุธยา","บางบาล","0.11","เล็กน้อย-ปานกลาง"
"ภาคกลาง","พระนครศรีอยุธยา","นครหลวง","0.11","เล็กน้อย-ปานกลาง"
"ภาคกลาง","พระนครศรีอยุธยา","วังน้อย","0.11","เล็กน้อย-ปานกลาง"
"ภาคกลาง","อ่างทอง","เมืองอ่างทอง","0.11","เล็กน้อย-ปานกลาง"
"ภาคกลาง","อ่างทอง","โพธิ์ทอง","0.11","เล็กน้อย-ปานกลาง"
"ภาคกลาง","อ่างทอง","วิเศษชัยชาญ","0.11","เล็กน้อย-ปานกลาง"
"ภาคตะวันออก","ตราด","เกาะกูด","0.11","เล็กน้อย-ปานกลาง"
"ภาคตะวันออก","ฉะเชิงเทรา","บางคล้า","0.11","เล็กน้อย-ปานกลาง"
"ภาคใต้ฝั่งตะวันออก","ชุมพร","สวี","0.11","เล็กน้อย-ปานกลาง"
"ภาคใต้ฝั่งตะวันออก","นราธิวาส","รือเสาะ","0.11","เล็กน้อย-ปานกลาง"
"ภาคกลาง","ปทุมธานี","ธัญบุรี","0.10","เล็กน้อย-ปานกลาง"
"ภาคกลาง","พระนครศรีอยุธยา","ลาดบัวหลวง","0.10","เล็กน้อย-ปานกลาง"
"ภาคตะวันออก","จันทบุรี","เขาคิชฌกูฏ","0.10","เล็กน้อย-ปานกลาง"
"ภาคเหนือ","แพร่","ร้องกวาง","0.10","เล็กน้อย-ปานกลาง"
"ภาคใต้ฝั่งตะวันออก","สงขลา","สทิงพระ","0.10","เล็กน้อย-ปานกลาง"
"ภาคใต้ฝั่งตะวันออก","ปัตตานี","ไม้แก่น","0.10","เล็กน้อย-ปานกลาง"
"ภาคกลาง","กรุงเทพมหานคร","หนองจอก","0.09","เล็กน้อย-ปานกลาง"
"ภาคกลาง","นนทบุรี","บางบัวทอง","0.09","เล็กน้อย-ปานกลาง"
"ภาคกลาง","ปทุมธานี","ลำลูกกา","0.09","เล็กน้อย-ปานกลาง"
"ภาคกลาง","พระนครศรีอยุธยา","บางปะอิน","0.09","เล็กน้อย-ปานกลาง"
"ภาคกลาง","พระนครศรีอยุธยา","บางไทร","0.09","เล็กน้อย-ปานกลาง"
"ภาคกลาง","พระนครศรีอยุธยา","ท่าเรือ","0.09","เล็กน้อย-ปานกลาง"
"ภาคกลาง","อ่างทอง","สามโก้","0.09","เล็กน้อย-ปานกลาง"
"ภาคตะวันออก","ตราด","เขาสมิง","0.09","เล็กน้อย-ปานกลาง"
"ภาคตะวันออก","ตราด","เมืองตราด","0.09","เล็กน้อย-ปานกลาง"
"ภาคตะวันออก","ฉะเชิงเทรา","ราชสาส์น","0.09","เล็กน้อย-ปานกลาง"
"ภาคกลาง","สุพรรณบุรี","สองพี่น้อง","0.09","เล็กน้อย-ปานกลาง"
"ภาคใต้ฝั่งตะวันออก","สุราษฎร์ธานี","ไชยา","0.09","เล็กน้อย-ปานกลาง"
"ภาคใต้ฝั่งตะวันตก","สตูล","ควนกาหลง","0.09","เล็กน้อย-ปานกลาง"
"ภาคใต้ฝั่งตะวันออก","ปัตตานี","สายบุรี","0.09","เล็กน้อย-ปานกลาง"
"ภาคใต้ฝั่งตะวันออก","ยะลา","ยะหา","0.09","เล็กน้อย-ปานกลาง"
"ภาคกลาง","นนทบุรี","บางใหญ่","0.08","เล็กน้อย-ปานกลาง"
"ภาคกลาง","ปทุมธานี","คลองหลวง","0.08","เล็กน้อย-ปานกลาง"
"ภาคกลาง","พระนครศรีอยุธยา","บางปะหัน","0.08","เล็กน้อย-ปานกลาง"
"ภาคกลาง","พระนครศรีอยุธยา","มหาราช","0.08","เล็กน้อย-ปานกลาง"
"ภาคกลาง","พระนครศรีอยุธยา","พระนครศรีอยุธยา","0.08","เล็กน้อย-ปานกลาง"
"ภาคตะวันออก","ฉะเชิงเทรา","คลองเขื่อน","0.08","เล็กน้อย-ปานกลาง"
"ภาคเหนือ","อุตรดิตถ์","น้ำปาด","0.08","เล็กน้อย-ปานกลาง"
"ภาคเหนือ","น่าน","ปัว","0.08","เล็กน้อย-ปานกลาง"
"ภาคใต้ฝั่งตะวันออก","สงขลา","ควนเนียง","0.08","เล็กน้อย-ปานกลาง"
"ภาคใต้ฝั่งตะวันออก","ปัตตานี","ทุ่งยางแดง","0.08","เล็กน้อย-ปานกลาง"
"ภาคกลาง","สระบุรี","บ้านหมอ","0.07","เล็กน้อย-ปานกลาง"
"ภาคตะวันออก","ระยอง","แกลง","0.07","เล็กน้อย-ปานกลาง"
"ภาคตะวันออก","ฉะเชิงเทรา","เมืองฉะเชิงเทรา","0.07","เล็กน้อย-ปานกลาง"
"ภาคกลาง","กรุงเทพมหานคร","ลาดกระบัง","0.06","เล็กน้อย-ปานกลาง"
"ภาคกลาง","สระบุรี","ดอนพุด","0.06","เล็กน้อย-ปานกลาง"
"ภาคเหนือ","น่าน","นาหมื่น","0.06","เล็กน้อย-ปานกลาง"
"ภาคใต้ฝั่งตะวันออก","สงขลา","สะบ้าย้อย","0.06","เล็กน้อย-ปานกลาง"
"ภาคใต้ฝั่งตะวันออก","ยะลา","เมืองยะลา","0.06","เล็กน้อย-ปานกลาง"
"ภาคกลาง","กรุงเทพมหานคร","คลองสามวา","0.05","เล็กน้อย-ปานกลาง"
"ภาคกลาง","อ่างทอง","แสวงหา","0.05","เล็กน้อย-ปานกลาง"
"ภาคเหนือ","ตาก","แม่ระมาด","0.05","เล็กน้อย-ปานกลาง"
"ภาคกลาง","นครปฐม","พุทธมณฑล","0.05","เล็กน้อย-ปานกลาง"
"ภาคใต้ฝั่งตะวันออก","สงขลา","จะนะ","0.05","เล็กน้อย-ปานกลาง"
"ภาคใต้ฝั่งตะวันตก","ตรัง","หาดสำราญ","0.05","เล็กน้อย-ปานกลาง"
"ภาคใต้ฝั่งตะวันออก","ปัตตานี","แม่ลาน","0.05","เล็กน้อย-ปานกลาง"
"ภาคใต้ฝั่งตะวันออก","ปัตตานี","หนองจิก","0.05","เล็กน้อย-ปานกลาง"
"ภาคกลาง","กรุงเทพมหานคร","มีนบุรี","0.04","เล็กน้อย-ปานกลาง"
"ภาคกลาง","ปทุมธานี","สามโคก","0.04","เล็กน้อย-ปานกลาง"
"ภาคตะวันออก","ระยอง","บ้านค่าย","0.04","เล็กน้อย-ปานกลาง"
"ภาคใต้ฝั่งตะวันออก","ประจวบคีรีขันธ์","บางสะพาน","0.04","เล็กน้อย-ปานกลาง"
"ภาคใต้ฝั่งตะวันตก","กระบี่","เกาะลันตา","0.04","เล็กน้อย-ปานกลาง"
"ภาคใต้ฝั่งตะวันออก","สุราษฎร์ธานี","บ้านนาเดิม","0.04","เล็กน้อย-ปานกลาง"
"ภาคใต้ฝั่งตะวันออก","สุราษฎร์ธานี","เมืองสุราษฎร์ธาน","0.04","เล็กน้อย-ปานกลาง"
"ภาคใต้ฝั่งตะวันออก","ชุมพร","พะโต๊ะ","0.04","เล็กน้อย-ปานกลาง"
"ภาคใต้ฝั่งตะวันออก","สงขลา","บางกล่ำ","0.04","เล็กน้อย-ปานกลาง"
"ภาคใต้ฝั่งตะวันออก","สงขลา","นาทวี","0.04","เล็กน้อย-ปานกลาง"
"ภาคใต้ฝั่งตะวันออก","ปัตตานี","โคกโพธิ์","0.04","เล็กน้อย-ปานกลาง"
"ภาคกลาง","พระนครศรีอยุธยา","บ้านแพรก","0.03","เล็กน้อย-ปานกลาง"
"ภาคตะวันออก","ระยอง","วังจันทร์","0.03","เล็กน้อย-ปานกลาง"
"ภาคตะวันออก","ตราด","แหลมงอบ","0.03","เล็กน้อย-ปานกลาง"
"ภาคใต้ฝั่งตะวันออก","ชุมพร","หลังสวน","0.03","เล็กน้อย-ปานกลาง"
"ภาคใต้ฝั่งตะวันออก","ชุมพร","ทุ่งตะโก","0.03","เล็กน้อย-ปานกลาง"
"ภาคใต้ฝั่งตะวันออก","ปัตตานี","มายอ","0.03","เล็กน้อย-ปานกลาง"
"ภาคใต้ฝั่งตะวันออก","นราธิวาส","สุไหงโก-ลก","0.03","เล็กน้อย-ปานกลาง"
"ภาคกลาง","สมุทรปราการ","บางพลี","0.02","เล็กน้อย-ปานกลาง"
"ภาคกลาง","อ่างทอง","ไชโย","0.02","เล็กน้อย-ปานกลาง"
"ภาคกลาง","ลพบุรี","เมืองลพบุรี","0.02","เล็กน้อย-ปานกลาง"
"ภาคตะวันออก","ระยอง","เขาชะเมา","0.02","เล็กน้อย-ปานกลาง"
"ภาคตะวันออก","ระยอง","ปลวกแดง","0.02","เล็กน้อย-ปานกลาง"
"ภาคตะวันออก","จันทบุรี","แหลมสิงห์","0.02","เล็กน้อย-ปานกลาง"
"ภาคตะวันออก","ปราจีนบุรี","เมืองปราจีนบุรี","0.02","เล็กน้อย-ปานกลาง"
"ภาคเหนือ","น่าน","ทุ่งช้าง","0.02","เล็กน้อย-ปานกลาง"
"ภาคเหนือ","ตาก","สามเงา","0.02","เล็กน้อย-ปานกลาง"
"ภาคกลาง","นครปฐม","นครชัยศรี","0.02","เล็กน้อย-ปานกลาง"
"ภาคใต้ฝั่งตะวันออก","สงขลา","เทพา","0.02","เล็กน้อย-ปานกลาง"
"ภาคใต้ฝั่งตะวันออก","ปัตตานี","ยะรัง","0.02","เล็กน้อย-ปานกลาง"
"ภาคกลาง","กรุงเทพมหานคร","สายไหม","0.01","เล็กน้อย-ปานกลาง"
"ภาคกลาง","สมุทรปราการ","บางเสาธง","0.01","เล็กน้อย-ปานกลาง"
"ภาคกลาง","นนทบุรี","บางกรวย","0.01","เล็กน้อย-ปานกลาง"
"ภาคกลาง","สระบุรี","หนองแซง","0.01","เล็กน้อย-ปานกลาง"
"ภาคตะวันออก","จันทบุรี","ขลุง","0.01","เล็กน้อย-ปานกลาง"
"ภาคตะวันออก","จันทบุรี","เมืองจันทบุรี","0.01","เล็กน้อย-ปานกลาง"
"ภาคตะวันออก","ฉะเชิงเทรา","ท่าตะเกียบ","0.01","เล็กน้อย-ปานกลาง"
"ภาคตะวันออก","ปราจีนบุรี","ศรีมหาโพธิ","0.01","เล็กน้อย-ปานกลาง"
"ภาคตะวันออก","ปราจีนบุรี","ศรีมโหสถ","0.01","เล็กน้อย-ปานกลาง"
"ภาคเหนือ","เชียงใหม่","เชียงดาว","0.01","เล็กน้อย-ปานกลาง"
"ภาคเหนือ","เชียงใหม่","เวียงแหง","0.01","เล็กน้อย-ปานกลาง"
"ภาคเหนือ","อุตรดิตถ์","ทองแสนขัน","0.01","เล็กน้อย-ปานกลาง"
"ภาคเหนือ","เชียงราย","เมืองเชียงราย","0.01","เล็กน้อย-ปานกลาง"
"ภาคกลาง","นครปฐม","สามพราน","0.01","เล็กน้อย-ปานกลาง"
"ภาคกลาง","สมุทรสาคร","กระทุ่มแบน","0.01","เล็กน้อย-ปานกลาง"
"ภาคใต้ฝั่งตะวันออก","สุราษฎร์ธานี","เกาะพะงัน","0.01","เล็กน้อย-ปานกลาง"
"ภาคใต้ฝั่งตะวันตก","ระนอง","กะเปอร์","0.01","เล็กน้อย-ปานกลาง"
"ภาคใต้ฝั่งตะวันตก","ระนอง","เมืองระนอง","0.01","เล็กน้อย-ปานกลาง"
"ภาคใต้ฝั่งตะวันออก","สงขลา","นาหม่อม","0.01","เล็กน้อย-ปานกลาง"
"ภาคใต้ฝั่งตะวันออก","สงขลา","สะเดา","0.01","เล็กน้อย-ปานกลาง"
"ภาคใต้ฝั่งตะวันตก","สตูล","ทุ่งหว้า","0.01","เล็กน้อย-ปานกลาง"
"ภาคใต้ฝั่งตะวันออก","ปัตตานี","ปะนาเระ","0.01","เล็กน้อย-ปานกลาง"
"ภาคกลาง","กรุงเทพมหานคร","บางบอน","0.00","เล็กน้อย-ปานกลาง"
"ภาคกลาง","กรุงเทพมหานคร","บางกะปิ","0.00","เล็กน้อย-ปานกลาง"
"ภาคกลาง","กรุงเทพมหานคร","บางแค","0.00","เล็กน้อย-ปานกลาง"
"ภาคกลาง","กรุงเทพมหานคร","บางเขน","0.00","เล็กน้อย-ปานกลาง"
"ภาคกลาง","กรุงเทพมหานคร","บางคอแหลม","0.00","เล็กน้อย-ปานกลาง"
"ภาคกลาง","กรุงเทพมหานคร","บางขุนเทียน","0.00","เล็กน้อย-ปานกลาง"
"ภาคกลาง","กรุงเทพมหานคร","บางนา","0.00","เล็กน้อย-ปานกลาง"
"ภาคกลาง","กรุงเทพมหานคร","บางพลัด","0.00","เล็กน้อย-ปานกลาง"
"ภาคกลาง","กรุงเทพมหานคร","บางรัก","0.00","เล็กน้อย-ปานกลาง"
"ภาคกลาง","กรุงเทพมหานคร","บางซื่อ","0.00","เล็กน้อย-ปานกลาง"
"ภาคกลาง","กรุงเทพมหานคร","บางกอกน้อย","0.00","เล็กน้อย-ปานกลาง"
"ภาคกลาง","กรุงเทพมหานคร","บางกอกใหญ่","0.00","เล็กน้อย-ปานกลาง"
"ภาคกลาง","กรุงเทพมหานคร","บึงกุ่ม","0.00","เล็กน้อย-ปานกลาง"
"ภาคกลาง","กรุงเทพมหานคร","จตุจักร","0.00","เล็กน้อย-ปานกลาง"
"ภาคกลาง","กรุงเทพมหานคร","จอมทอง","0.00","เล็กน้อย-ปานกลาง"
"ภาคกลาง","กรุงเทพมหานคร","ดินแดง","0.00","เล็กน้อย-ปานกลาง"
"ภาคกลาง","กรุงเทพมหานคร","ดอนเมือง","0.00","เล็กน้อย-ปานกลาง"
"ภาคกลาง","กรุงเทพมหานคร","ดุสิต","0.00","เล็กน้อย-ปานกลาง"
"ภาคกลาง","กรุงเทพมหานคร","ห้วยขวาง","0.00","เล็กน้อย-ปานกลาง"
"ภาคกลาง","กรุงเทพมหานคร","คันนายาว","0.00","เล็กน้อย-ปานกลาง"
"ภาคกลาง","กรุงเทพมหานคร","คลองสาน","0.00","เล็กน้อย-ปานกลาง"
"ภาคกลาง","กรุงเทพมหานคร","คลองเตย","0.00","เล็กน้อย-ปานกลาง"
"ภาคกลาง","กรุงเทพมหานคร","หลักสี่","0.00","เล็กน้อย-ปานกลาง"
"ภาคกลาง","กรุงเทพมหานคร","ลาดพร้าว","0.00","เล็กน้อย-ปานกลาง"
"ภาคกลาง","กรุงเทพมหานคร","หนองแขม","0.00","เล็กน้อย-ปานกลาง"
"ภาคกลาง","กรุงเทพมหานคร","ปทุมวัน","0.00","เล็กน้อย-ปานกลาง"
"ภาคกลาง","กรุงเทพมหานคร","ภาษีเจริญ","0.00","เล็กน้อย-ปานกลาง"
"ภาคกลาง","กรุงเทพมหานคร","พญาไท","0.00","เล็กน้อย-ปานกลาง"
"ภาคกลาง","กรุงเทพมหานคร","พระโขนง","0.00","เล็กน้อย-ปานกลาง"
"ภาคกลาง","กรุงเทพมหานคร","พระนคร","0.00","เล็กน้อย-ปานกลาง"
"ภาคกลาง","กรุงเทพมหานคร","ป้อมปราบศัตรูพ่า","0.00","เล็กน้อย-ปานกลาง"
"ภาคกลาง","กรุงเทพมหานคร","ประเวศ","0.00","เล็กน้อย-ปานกลาง"
"ภาคกลาง","กรุงเทพมหานคร","ราษฎร์บูรณะ","0.00","เล็กน้อย-ปานกลาง"
"ภาคกลาง","กรุงเทพมหานคร","ราชเทวี","0.00","เล็กน้อย-ปานกลาง"
"ภาคกลาง","กรุงเทพมหานคร","สัมพันธวงศ์","0.00","เล็กน้อย-ปานกลาง"
"ภาคกลาง","กรุงเทพมหานคร","สะพานสูง","0.00","เล็กน้อย-ปานกลาง"
"ภาคกลาง","กรุงเทพมหานคร","สาทร","0.00","เล็กน้อย-ปานกลาง"
"ภาคกลาง","กรุงเทพมหานคร","สวนหลวง","0.00","เล็กน้อย-ปานกลาง"
"ภาคกลาง","กรุงเทพมหานคร","ตลิ่งชัน","0.00","เล็กน้อย-ปานกลาง"
"ภาคกลาง","กรุงเทพมหานคร","ทวีวัฒนา","0.00","เล็กน้อย-ปานกลาง"
"ภาคกลาง","กรุงเทพมหานคร","ธนบุรี","0.00","เล็กน้อย-ปานกลาง"
"ภาคกลาง","กรุงเทพมหานคร","ทุ่งครุ","0.00","เล็กน้อย-ปานกลาง"
"ภาคกลาง","กรุงเทพมหานคร","วัฒนา","0.00","เล็กน้อย-ปานกลาง"
"ภาคกลาง","กรุงเทพมหานคร","วังทองหลาง","0.00","เล็กน้อย-ปานกลาง"
"ภาคกลาง","กรุงเทพมหานคร","ยานนาวา","0.00","เล็กน้อย-ปานกลาง"
"ภาคกลาง","สมุทรปราการ","บางบ่อ","0.00","เล็กน้อย-ปานกลาง"
"ภาคกลาง","สมุทรปราการ","เมืองสมุทรปราการ","0.00","เล็กน้อย-ปานกลาง"
"ภาคกลาง","สมุทรปราการ","พระประแดง","0.00","เล็กน้อย-ปานกลาง"
"ภาคกลาง","สมุทรปราการ","พระสมุทรเจดีย์","0.00","เล็กน้อย-ปานกลาง"
"ภาคกลาง","นนทบุรี","เมืองนนทบุรี","0.00","เล็กน้อย-ปานกลาง"
"ภาคกลาง","นนทบุรี","ปากเกร็ด","0.00","เล็กน้อย-ปานกลาง"
"ภาคกลาง","ปทุมธานี","เมืองปทุมธานี","0.00","เล็กน้อย-ปานกลาง"
"ภาคกลาง","ลพบุรี","บ้านหมี่","0.00","เล็กน้อย-ปานกลาง"
"ภาคกลาง","ลพบุรี","ชัยบาดาล","0.00","เล็กน้อย-ปานกลาง"
"ภาคกลาง","ลพบุรี","โคกเจริญ","0.00","เล็กน้อย-ปานกลาง"
"ภาคกลาง","ลพบุรี","โคกสำโรง","0.00","เล็กน้อย-ปานกลาง"
"ภาคกลาง","ลพบุรี","ลำสนธิ","0.00","เล็กน้อย-ปานกลาง"
"ภาคกลาง","ลพบุรี","หนองม่วง","0.00","เล็กน้อย-ปานกลาง"
"ภาคกลาง","ลพบุรี","พัฒนานิคม","0.00","เล็กน้อย-ปานกลาง"
"ภาคกลาง","ลพบุรี","สระโบสถ์","0.00","เล็กน้อย-ปานกลาง"
"ภาคกลาง","ลพบุรี","ท่าหลวง","0.00","เล็กน้อย-ปานกลาง"
"ภาคกลาง","ลพบุรี","ท่าวุ้ง","0.00","เล็กน้อย-ปานกลาง"
"ภาคกลาง","สิงห์บุรี","บางระจัน","0.00","เล็กน้อย-ปานกลาง"
"ภาคกลาง","สิงห์บุรี","อินทร์บุรี","0.00","เล็กน้อย-ปานกลาง"
"ภาคกลาง","สิงห์บุรี","ค่ายบางระจัน","0.00","เล็กน้อย-ปานกลาง"
"ภาคกลาง","สิงห์บุรี","เมืองสิงห์บุรี","0.00","เล็กน้อย-ปานกลาง"
"ภาคกลาง","สิงห์บุรี","พรหมบุรี","0.00","เล็กน้อย-ปานกลาง"
"ภาคกลาง","สิงห์บุรี","ท่าช้าง","0.00","เล็กน้อย-ปานกลาง"
"ภาคกลาง","ชัยนาท","หันคา","0.00","เล็กน้อย-ปานกลาง"
"ภาคกลาง","ชัยนาท","มโนรมย์","0.00","เล็กน้อย-ปานกลาง"
"ภาคกลาง","ชัยนาท","เมืองชัยนาท","0.00","เล็กน้อย-ปานกลาง"
"ภาคกลาง","ชัยนาท","เนินขาม","0.00","เล็กน้อย-ปานกลาง"
"ภาคกลาง","ชัยนาท","หนองมะโมง","0.00","เล็กน้อย-ปานกลาง"
"ภาคกลาง","ชัยนาท","สรรคบุรี","0.00","เล็กน้อย-ปานกลาง"
"ภาคกลาง","ชัยนาท","สรรพยา","0.00","เล็กน้อย-ปานกลาง"
"ภาคกลาง","ชัยนาท","วัดสิงห์","0.00","เล็กน้อย-ปานกลาง"
"ภาคกลาง","สระบุรี","เฉลิมพระเกียรติ","0.00","เล็กน้อย-ปานกลาง"
"ภาคกลาง","สระบุรี","แก่งคอย","0.00","เล็กน้อย-ปานกลาง"
"ภาคกลาง","สระบุรี","มวกเหล็ก","0.00","เล็กน้อย-ปานกลาง"
"ภาคกลาง","สระบุรี","เมืองสระบุรี","0.00","เล็กน้อย-ปานกลาง"
"ภาคกลาง","สระบุรี","หนองโดน","0.00","เล็กน้อย-ปานกลาง"
"ภาคกลาง","สระบุรี","พระพุทธบาท","0.00","เล็กน้อย-ปานกลาง"
"ภาคกลาง","สระบุรี","เสาไห้","0.00","เล็กน้อย-ปานกลาง"
"ภาคกลาง","สระบุรี","วังม่วง","0.00","เล็กน้อย-ปานกลาง"
"ภาคตะวันออก","ชลบุรี","บ้านบึง","0.00","เล็กน้อย-ปานกลาง"
"ภาคตะวันออก","ชลบุรี","บ่อทอง","0.00","เล็กน้อย-ปานกลาง"
"ภาคตะวันออก","ชลบุรี","เกาะจันทร์","0.00","เล็กน้อย-ปานกลาง"
"ภาคตะวันออก","ชลบุรี","เกาะสีชัง","0.00","เล็กน้อย-ปานกลาง"
"ภาคตะวันออก","ชลบุรี","เมืองชลบุรี","0.00","เล็กน้อย-ปานกลาง"
"ภาคตะวันออก","ชลบุรี","หนองใหญ่","0.00","เล็กน้อย-ปานกลาง"
"ภาคตะวันออก","ชลบุรี","พานทอง","0.00","เล็กน้อย-ปานกลาง"
"ภาคตะวันออก","ชลบุรี","พนัสนิคม","0.00","เล็กน้อย-ปานกลาง"
"ภาคตะวันออก","ชลบุรี","ศรีราชา","0.00","เล็กน้อย-ปานกลาง"
"ภาคตะวันออก","จันทบุรี","มะขาม","0.00","เล็กน้อย-ปานกลาง"
"ภาคตะวันออก","จันทบุรี","โป่งน้ำร้อน","0.00","เล็กน้อย-ปานกลาง"
"ภาคตะวันออก","จันทบุรี","สอยดาว","0.00","เล็กน้อย-ปานกลาง"
"ภาคตะวันออก","ตราด","บ่อไร่","0.00","เล็กน้อย-ปานกลาง"
"ภาคตะวันออก","ตราด","คลองใหญ่","0.00","เล็กน้อย-ปานกลาง"
"ภาคตะวันออก","ตราด","เกาะช้าง","0.00","เล็กน้อย-ปานกลาง"
"ภาคตะวันออก","ฉะเชิงเทรา","บ้านโพธิ์","0.00","เล็กน้อย-ปานกลาง"
"ภาคตะวันออก","ฉะเชิงเทรา","บางปะกง","0.00","เล็กน้อย-ปานกลาง"
"ภาคตะวันออก","ฉะเชิงเทรา","พนมสารคาม","0.00","เล็กน้อย-ปานกลาง"
"ภาคตะวันออก","ฉะเชิงเทรา","แปลงยาว","0.00","เล็กน้อย-ปานกลาง"
"ภาคตะวันออก","ฉะเชิงเทรา","สนามชัยเขต","0.00","เล็กน้อย-ปานกลาง"
"ภาคตะวันออก","ปราจีนบุรี","กบินทร์บุรี","0.00","เล็กน้อย-ปานกลาง"
"ภาคตะวันออก","ปราจีนบุรี","นาดี","0.00","เล็กน้อย-ปานกลาง"
"ภาคตะวันออก","ปราจีนบุรี","ประจันตคาม","0.00","เล็กน้อย-ปานกลาง"
"ภาคตะวันออก","นครนายก","ปากพลี","0.00","เล็กน้อย-ปานกลาง"
"ภาคตะวันออก","สระแก้ว","อรัญประเทศ","0.00","เล็กน้อย-ปานกลาง"
"ภาคตะวันออก","สระแก้ว","เขาฉกรรจ์","0.00","เล็กน้อย-ปานกลาง"
"ภาคตะวันออก","สระแก้ว","คลองหาด","0.00","เล็กน้อย-ปานกลาง"
"ภาคตะวันออก","สระแก้ว","โคกสูง","0.00","เล็กน้อย-ปานกลาง"
"ภาคตะวันออก","สระแก้ว","เมืองสระแก้ว","0.00","เล็กน้อย-ปานกลาง"
"ภาคตะวันออก","สระแก้ว","ตาพระยา","0.00","เล็กน้อย-ปานกลาง"
"ภาคตะวันออก","สระแก้ว","วังน้ำเย็น","0.00","เล็กน้อย-ปานกลาง"
"ภาคตะวันออก","สระแก้ว","วังสมบูรณ์","0.00","เล็กน้อย-ปานกลาง"
"ภาคตะวันออก","สระแก้ว","วัฒนานคร","0.00","เล็กน้อย-ปานกลาง"
"ภาคตะวันออกเฉียงเหนือ","นครราชสีมา","บ้านเหลื่อม","0.00","เล็กน้อย-ปานกลาง"
"ภาคตะวันออกเฉียงเหนือ","นครราชสีมา","บัวลาย","0.00","เล็กน้อย-ปานกลาง"
"ภาคตะวันออกเฉียงเหนือ","นครราชสีมา","บัวใหญ่","0.00","เล็กน้อย-ปานกลาง"
"ภาคตะวันออกเฉียงเหนือ","นครราชสีมา","จักราช","0.00","เล็กน้อย-ปานกลาง"
"ภาคตะวันออกเฉียงเหนือ","นครราชสีมา","เฉลิมพระเกียรติ","0.00","เล็กน้อย-ปานกลาง"
"ภาคตะวันออกเฉียงเหนือ","นครราชสีมา","โชคชัย","0.00","เล็กน้อย-ปานกลาง"
"ภาคตะวันออกเฉียงเหนือ","นครราชสีมา","ชุมพวง","0.00","เล็กน้อย-ปานกลาง"
"ภาคตะวันออกเฉียงเหนือ","นครราชสีมา","ด่านขุนทด","0.00","เล็กน้อย-ปานกลาง"
"ภาคตะวันออกเฉียงเหนือ","นครราชสีมา","ห้วยแถลง","0.00","เล็กน้อย-ปานกลาง"
"ภาคตะวันออกเฉียงเหนือ","นครราชสีมา","แก้งสนามนาง","0.00","เล็กน้อย-ปานกลาง"
"ภาคตะวันออกเฉียงเหนือ","นครราชสีมา","ขามสะแกแสง","0.00","เล็กน้อย-ปานกลาง"
"ภาคตะวันออกเฉียงเหนือ","นครราชสีมา","ขามทะเลสอ","0.00","เล็กน้อย-ปานกลาง"
"ภาคตะวันออกเฉียงเหนือ","นครราชสีมา","ครบุรี","0.00","เล็กน้อย-ปานกลาง"
"ภาคตะวันออกเฉียงเหนือ","นครราชสีมา","คง","0.00","เล็กน้อย-ปานกลาง"
"ภาคตะวันออกเฉียงเหนือ","นครราชสีมา","ลำทะเมนชัย","0.00","เล็กน้อย-ปานกลาง"
"ภาคตะวันออกเฉียงเหนือ","นครราชสีมา","เมืองนครราชสีมา","0.00","เล็กน้อย-ปานกลาง"
"ภาคตะวันออกเฉียงเหนือ","นครราชสีมา","เมืองยาง","0.00","เล็กน้อย-ปานกลาง"
"ภาคตะวันออกเฉียงเหนือ","นครราชสีมา","โนนแดง","0.00","เล็กน้อย-ปานกลาง"
"ภาคตะวันออกเฉียงเหนือ","นครราชสีมา","โนนสูง","0.00","เล็กน้อย-ปานกลาง"
"ภาคตะวันออกเฉียงเหนือ","นครราชสีมา","โนนไทย","0.00","เล็กน้อย-ปานกลาง"
"ภาคตะวันออกเฉียงเหนือ","นครราชสีมา","หนองบุญมาก","0.00","เล็กน้อย-ปานกลาง"
"ภาคตะวันออกเฉียงเหนือ","นครราชสีมา","ปากช่อง","0.00","เล็กน้อย-ปานกลาง"
"ภาคตะวันออกเฉียงเหนือ","นครราชสีมา","ปักธงชัย","0.00","เล็กน้อย-ปานกลาง"
"ภาคตะวันออกเฉียงเหนือ","นครราชสีมา","พิมาย","0.00","เล็กน้อย-ปานกลาง"
"ภาคตะวันออกเฉียงเหนือ","นครราชสีมา","พระทองคำ","0.00","เล็กน้อย-ปานกลาง"
"ภาคตะวันออกเฉียงเหนือ","นครราชสีมา","ประทาย","0.00","เล็กน้อย-ปานกลาง"
"ภาคตะวันออกเฉียงเหนือ","นครราชสีมา","สีดา","0.00","เล็กน้อย-ปานกลาง"
"ภาคตะวันออกเฉียงเหนือ","นครราชสีมา","สีคิ้ว","0.00","เล็กน้อย-ปานกลาง"
"ภาคตะวันออกเฉียงเหนือ","นครราชสีมา","เสิงสาง","0.00","เล็กน้อย-ปานกลาง"
"ภาคตะวันออกเฉียงเหนือ","นครราชสีมา","สูงเนิน","0.00","เล็กน้อย-ปานกลาง"
"ภาคตะวันออกเฉียงเหนือ","นครราชสีมา","เทพารักษ์","0.00","เล็กน้อย-ปานกลาง"
"ภาคตะวันออกเฉียงเหนือ","นครราชสีมา","วังน้ำเขียว","0.00","เล็กน้อย-ปานกลาง"
"ภาคตะวันออกเฉียงเหนือ","บุรีรัมย์","บ้านด่าน","0.00","เล็กน้อย-ปานกลาง"
"ภาคตะวันออกเฉียงเหนือ","บุรีรัมย์","บ้านกรวด","0.00","เล็กน้อย-ปานกลาง"
"ภาคตะวันออกเฉียงเหนือ","บุรีรัมย์","บ้านใหม่ไชยพจน์","0.00","เล็กน้อย-ปานกลาง"
"ภาคตะวันออกเฉียงเหนือ","บุรีรัมย์","เฉลิมพระเกียรติ","0.00","เล็กน้อย-ปานกลาง"
"ภาคตะวันออกเฉียงเหนือ","บุรีรัมย์","ชำนิ","0.00","เล็กน้อย-ปานกลาง"
"ภาคตะวันออกเฉียงเหนือ","บุรีรัมย์","ห้วยราช","0.00","เล็กน้อย-ปานกลาง"
"ภาคตะวันออกเฉียงเหนือ","บุรีรัมย์","แคนดง","0.00","เล็กน้อย-ปานกลาง"
"ภาคตะวันออกเฉียงเหนือ","บุรีรัมย์","คูเมือง","0.00","เล็กน้อย-ปานกลาง"
"ภาคตะวันออกเฉียงเหนือ","บุรีรัมย์","กระสัง","0.00","เล็กน้อย-ปานกลาง"
"ภาคตะวันออกเฉียงเหนือ","บุรีรัมย์","ละหานทราย","0.00","เล็กน้อย-ปานกลาง"
"ภาคตะวันออกเฉียงเหนือ","บุรีรัมย์","ลำปลายมาศ","0.00","เล็กน้อย-ปานกลาง"
"ภาคตะวันออกเฉียงเหนือ","บุรีรัมย์","เมืองบุรีรัมย์","0.00","เล็กน้อย-ปานกลาง"
"ภาคตะวันออกเฉียงเหนือ","บุรีรัมย์","นาโพธิ์","0.00","เล็กน้อย-ปานกลาง"
"ภาคตะวันออกเฉียงเหนือ","บุรีรัมย์","นางรอง","0.00","เล็กน้อย-ปานกลาง"
"ภาคตะวันออกเฉียงเหนือ","บุรีรัมย์","โนนดินแดง","0.00","เล็กน้อย-ปานกลาง"
"ภาคตะวันออกเฉียงเหนือ","บุรีรัมย์","โนนสุวรรณ","0.00","เล็กน้อย-ปานกลาง"
"ภาคตะวันออกเฉียงเหนือ","บุรีรัมย์","หนองหงส์","0.00","เล็กน้อย-ปานกลาง"
"ภาคตะวันออกเฉียงเหนือ","บุรีรัมย์","หนองกี่","0.00","เล็กน้อย-ปานกลาง"
"ภาคตะวันออกเฉียงเหนือ","บุรีรัมย์","ปะคำ","0.00","เล็กน้อย-ปานกลาง"
"ภาคตะวันออกเฉียงเหนือ","บุรีรัมย์","พลับพลาชัย","0.00","เล็กน้อย-ปานกลาง"
"ภาคตะวันออกเฉียงเหนือ","บุรีรัมย์","พุทไธสง","0.00","เล็กน้อย-ปานกลาง"
"ภาคตะวันออกเฉียงเหนือ","บุรีรัมย์","ประโคนชัย","0.00","เล็กน้อย-ปานกลาง"
"ภาคตะวันออกเฉียงเหนือ","บุรีรัมย์","สตึก","0.00","เล็กน้อย-ปานกลาง"
"ภาคตะวันออกเฉียงเหนือ","สุรินทร์","บัวเชด","0.00","เล็กน้อย-ปานกลาง"
"ภาคตะวันออกเฉียงเหนือ","สุรินทร์","จอมพระ","0.00","เล็กน้อย-ปานกลาง"
"ภาคตะวันออกเฉียงเหนือ","สุรินทร์","ชุมพลบุรี","0.00","เล็กน้อย-ปานกลาง"
"ภาคตะวันออกเฉียงเหนือ","สุรินทร์","กาบเชิง","0.00","เล็กน้อย-ปานกลาง"
"ภาคตะวันออกเฉียงเหนือ","สุรินทร์","เขวาสินรินทร์","0.00","เล็กน้อย-ปานกลาง"
"ภาคตะวันออกเฉียงเหนือ","สุรินทร์","ลำดวน","0.00","เล็กน้อย-ปานกลาง"
"ภาคตะวันออกเฉียงเหนือ","สุรินทร์","เมืองสุรินทร์","0.00","เล็กน้อย-ปานกลาง"
"ภาคตะวันออกเฉียงเหนือ","สุรินทร์","โนนนารายณ์","0.00","เล็กน้อย-ปานกลาง"
"ภาคตะวันออกเฉียงเหนือ","สุรินทร์","พนมดงรัก","0.00","เล็กน้อย-ปานกลาง"
"ภาคตะวันออกเฉียงเหนือ","สุรินทร์","ปราสาท","0.00","เล็กน้อย-ปานกลาง"
"ภาคตะวันออกเฉียงเหนือ","สุรินทร์","รัตนบุรี","0.00","เล็กน้อย-ปานกลาง"
"ภาคตะวันออกเฉียงเหนือ","สุรินทร์","สำโรงทาบ","0.00","เล็กน้อย-ปานกลาง"
"ภาคตะวันออกเฉียงเหนือ","สุรินทร์","สังขะ","0.00","เล็กน้อย-ปานกลาง"
"ภาคตะวันออกเฉียงเหนือ","สุรินทร์","สนม","0.00","เล็กน้อย-ปานกลาง"
"ภาคตะวันออกเฉียงเหนือ","สุรินทร์","ศรีณรงค์","0.00","เล็กน้อย-ปานกลาง"
"ภาคตะวันออกเฉียงเหนือ","สุรินทร์","ศีขรภูมิ","0.00","เล็กน้อย-ปานกลาง"
"ภาคตะวันออกเฉียงเหนือ","สุรินทร์","ท่าตูม","0.00","เล็กน้อย-ปานกลาง"
"ภาคตะวันออกเฉียงเหนือ","ศรีสะเกษ","เบญจลักษ์","0.00","เล็กน้อย-ปานกลาง"
"ภาคตะวันออกเฉียงเหนือ","ศรีสะเกษ","บึงบูรพ์","0.00","เล็กน้อย-ปานกลาง"
"ภาคตะวันออกเฉียงเหนือ","ศรีสะเกษ","ห้วยทับทัน","0.00","เล็กน้อย-ปานกลาง"
"ภาคตะวันออกเฉียงเหนือ","ศรีสะเกษ","กันทรลักษ์","0.00","เล็กน้อย-ปานกลาง"
"ภาคตะวันออกเฉียงเหนือ","ศรีสะเกษ","กันทรารมย์","0.00","เล็กน้อย-ปานกลาง"
"ภาคตะวันออกเฉียงเหนือ","ศรีสะเกษ","ขุขันธ์","0.00","เล็กน้อย-ปานกลาง"
"ภาคตะวันออกเฉียงเหนือ","ศรีสะเกษ","ขุนหาญ","0.00","เล็กน้อย-ปานกลาง"
"ภาคตะวันออกเฉียงเหนือ","ศรีสะเกษ","เมืองจันทร์","0.00","เล็กน้อย-ปานกลาง"
"ภาคตะวันออกเฉียงเหนือ","ศรีสะเกษ","เมืองศรีสะเกษ","0.00","เล็กน้อย-ปานกลาง"
"ภาคตะวันออกเฉียงเหนือ","ศรีสะเกษ","น้ำเกลี้ยง","0.00","เล็กน้อย-ปานกลาง"
"ภาคตะวันออกเฉียงเหนือ","ศรีสะเกษ","โนนคูณ","0.00","เล็กน้อย-ปานกลาง"
"ภาคตะวันออกเฉียงเหนือ","ศรีสะเกษ","พยุห์","0.00","เล็กน้อย-ปานกลาง"
"ภาคตะวันออกเฉียงเหนือ","ศรีสะเกษ","โพธิ์ศรีสุวรรณ","0.00","เล็กน้อย-ปานกลาง"
"ภาคตะวันออกเฉียงเหนือ","ศรีสะเกษ","ไพรบึง","0.00","เล็กน้อย-ปานกลาง"
"ภาคตะวันออกเฉียงเหนือ","ศรีสะเกษ","ภูสิงห์","0.00","เล็กน้อย-ปานกลาง"
"ภาคตะวันออกเฉียงเหนือ","ศรีสะเกษ","ปรางค์กู่","0.00","เล็กน้อย-ปานกลาง"
"ภาคตะวันออกเฉียงเหนือ","ศรีสะเกษ","ราษีไศล","0.00","เล็กน้อย-ปานกลาง"
"ภาคตะวันออกเฉียงเหนือ","ศรีสะเกษ","ศรีรัตนะ","0.00","เล็กน้อย-ปานกลาง"
"ภาคตะวันออกเฉียงเหนือ","ศรีสะเกษ","ศิลาลาด","0.00","เล็กน้อย-ปานกลาง"
"ภาคตะวันออกเฉียงเหนือ","ศรีสะเกษ","อุทุมพรพิสัย","0.00","เล็กน้อย-ปานกลาง"
"ภาคตะวันออกเฉียงเหนือ","ศรีสะเกษ","วังหิน","0.00","เล็กน้อย-ปานกลาง"
"ภาคตะวันออกเฉียงเหนือ","ศรีสะเกษ","ยางชุมน้อย","0.00","เล็กน้อย-ปานกลาง"
"ภาคตะวันออกเฉียงเหนือ","อุบลราชธานี","บุณฑริก","0.00","เล็กน้อย-ปานกลาง"
"ภาคตะวันออกเฉียงเหนือ","อุบลราชธานี","เดชอุดม","0.00","เล็กน้อย-ปานกลาง"
"ภาคตะวันออกเฉียงเหนือ","อุบลราชธานี","ดอนมดแดง","0.00","เล็กน้อย-ปานกลาง"
"ภาคตะวันออกเฉียงเหนือ","อุบลราชธานี","เขมราฐ","0.00","เล็กน้อย-ปานกลาง"
"ภาคตะวันออกเฉียงเหนือ","อุบลราชธานี","โขงเจียม","0.00","เล็กน้อย-ปานกลาง"
"ภาคตะวันออกเฉียงเหนือ","อุบลราชธานี","เขื่องใน","0.00","เล็กน้อย-ปานกลาง"
"ภาคตะวันออกเฉียงเหนือ","อุบลราชธานี","กุดข้าวปุ้น","0.00","เล็กน้อย-ปานกลาง"
"ภาคตะวันออกเฉียงเหนือ","อุบลราชธานี","เหล่าเสือโก้ก","0.00","เล็กน้อย-ปานกลาง"
"ภาคตะวันออกเฉียงเหนือ","อุบลราชธานี","ม่วงสามสิบ","0.00","เล็กน้อย-ปานกลาง"
"ภาคตะวันออกเฉียงเหนือ","อุบลราชธานี","เมืองอุบลราชธานี","0.00","เล็กน้อย-ปานกลาง"
"ภาคตะวันออกเฉียงเหนือ","อุบลราชธานี","นาจะหลวย","0.00","เล็กน้อย-ปานกลาง"
"ภาคตะวันออกเฉียงเหนือ","อุบลราชธานี","นาตาล","0.00","เล็กน้อย-ปานกลาง"
"ภาคตะวันออกเฉียงเหนือ","อุบลราชธานี","นาเยีย","0.00","เล็กน้อย-ปานกลาง"
"ภาคตะวันออกเฉียงเหนือ","อุบลราชธานี","น้ำขุ่น","0.00","เล็กน้อย-ปานกลาง"
"ภาคตะวันออกเฉียงเหนือ","อุบลราชธานี","น้ำยืน","0.00","เล็กน้อย-ปานกลาง"
"ภาคตะวันออกเฉียงเหนือ","อุบลราชธานี","พิบูลมังสาหาร","0.00","เล็กน้อย-ปานกลาง"
"ภาคตะวันออกเฉียงเหนือ","อุบลราชธานี","โพธิ์ไทร","0.00","เล็กน้อย-ปานกลาง"
"ภาคตะวันออกเฉียงเหนือ","อุบลราชธานี","สำโรง","0.00","เล็กน้อย-ปานกลาง"
"ภาคตะวันออกเฉียงเหนือ","อุบลราชธานี","สว่างวีระวงศ์","0.00","เล็กน้อย-ปานกลาง"
"ภาคตะวันออกเฉียงเหนือ","อุบลราชธานี","ศรีเมืองใหม่","0.00","เล็กน้อย-ปานกลาง"
"ภาคตะวันออกเฉียงเหนือ","อุบลราชธานี","สิรินธร","0.00","เล็กน้อย-ปานกลาง"
"ภาคตะวันออกเฉียงเหนือ","อุบลราชธานี","ตาลสุม","0.00","เล็กน้อย-ปานกลาง"
"ภาคตะวันออกเฉียงเหนือ","อุบลราชธานี","ทุ่งศรีอุดม","0.00","เล็กน้อย-ปานกลาง"
"ภาคตะวันออกเฉียงเหนือ","อุบลราชธานี","ตระการพืชผล","0.00","เล็กน้อย-ปานกลาง"
"ภาคตะวันออกเฉียงเหนือ","อุบลราชธานี","วารินชำราบ","0.00","เล็กน้อย-ปานกลาง"
"ภาคตะวันออกเฉียงเหนือ","ยโสธร","คำเขื่อนแก้ว","0.00","เล็กน้อย-ปานกลาง"
"ภาคตะวันออกเฉียงเหนือ","ยโสธร","ค้อวัง","0.00","เล็กน้อย-ปานกลาง"
"ภาคตะวันออกเฉียงเหนือ","ยโสธร","กุดชุม","0.00","เล็กน้อย-ปานกลาง"
"ภาคตะวันออกเฉียงเหนือ","ยโสธร","เลิงนกทา","0.00","เล็กน้อย-ปานกลาง"
"ภาคตะวันออกเฉียงเหนือ","ยโสธร","มหาชนะชัย","0.00","เล็กน้อย-ปานกลาง"
"ภาคตะวันออกเฉียงเหนือ","ยโสธร","เมืองยโสธร","0.00","เล็กน้อย-ปานกลาง"
"ภาคตะวันออกเฉียงเหนือ","ยโสธร","ป่าติ้ว","0.00","เล็กน้อย-ปานกลาง"
"ภาคตะวันออกเฉียงเหนือ","ยโสธร","ทรายมูล","0.00","เล็กน้อย-ปานกลาง"
"ภาคตะวันออกเฉียงเหนือ","ยโสธร","ไทยเจริญ","0.00","เล็กน้อย-ปานกลาง"
"ภาคตะวันออกเฉียงเหนือ","ชัยภูมิ","บำเหน็จณรงค์","0.00","เล็กน้อย-ปานกลาง"
"ภาคตะวันออกเฉียงเหนือ","ชัยภูมิ","บ้านเขว้า","0.00","เล็กน้อย-ปานกลาง"
"ภาคตะวันออกเฉียงเหนือ","ชัยภูมิ","บ้านแท่น","0.00","เล็กน้อย-ปานกลาง"
"ภาคตะวันออกเฉียงเหนือ","ชัยภูมิ","จัตุรัส","0.00","เล็กน้อย-ปานกลาง"
"ภาคตะวันออกเฉียงเหนือ","ชัยภูมิ","แก้งคร้อ","0.00","เล็กน้อย-ปานกลาง"
"ภาคตะวันออกเฉียงเหนือ","ชัยภูมิ","เกษตรสมบูรณ์","0.00","เล็กน้อย-ปานกลาง"
"ภาคตะวันออกเฉียงเหนือ","ชัยภูมิ","คอนสาร","0.00","เล็กน้อย-ปานกลาง"
"ภาคตะวันออกเฉียงเหนือ","ชัยภูมิ","คอนสวรรค์","0.00","เล็กน้อย-ปานกลาง"
"ภาคตะวันออกเฉียงเหนือ","ชัยภูมิ","เมืองชัยภูมิ","0.00","เล็กน้อย-ปานกลาง"
"ภาคตะวันออกเฉียงเหนือ","ชัยภูมิ","เนินสง่า","0.00","เล็กน้อย-ปานกลาง"
"ภาคตะวันออกเฉียงเหนือ","ชัยภูมิ","หนองบัวแดง","0.00","เล็กน้อย-ปานกลาง"
"ภาคตะวันออกเฉียงเหนือ","ชัยภูมิ","หนองบัวระเหว","0.00","เล็กน้อย-ปานกลาง"
"ภาคตะวันออกเฉียงเหนือ","ชัยภูมิ","ภักดีชุมพล","0.00","เล็กน้อย-ปานกลาง"
"ภาคตะวันออกเฉียงเหนือ","ชัยภูมิ","ภูเขียว","0.00","เล็กน้อย-ปานกลาง"
"ภาคตะวันออกเฉียงเหนือ","ชัยภูมิ","ซับใหญ่","0.00","เล็กน้อย-ปานกลาง"
"ภาคตะวันออกเฉียงเหนือ","ชัยภูมิ","เทพสถิต","0.00","เล็กน้อย-ปานกลาง"
"ภาคตะวันออกเฉียงเหนือ","อำนาจเจริญ","ชานุมาน","0.00","เล็กน้อย-ปานกลาง"
"ภาคตะวันออกเฉียงเหนือ","อำนาจเจริญ","หัวตะพาน","0.00","เล็กน้อย-ปานกลาง"
"ภาคตะวันออกเฉียงเหนือ","อำนาจเจริญ","ลืออำนาจ","0.00","เล็กน้อย-ปานกลาง"
"ภาคตะวันออกเฉียงเหนือ","อำนาจเจริญ","เมืองอำนาจเจริญ","0.00","เล็กน้อย-ปานกลาง"
"ภาคตะวันออกเฉียงเหนือ","อำนาจเจริญ","ปทุมราชวงศา","0.00","เล็กน้อย-ปานกลาง"
"ภาคตะวันออกเฉียงเหนือ","อำนาจเจริญ","พนา","0.00","เล็กน้อย-ปานกลาง"
"ภาคตะวันออกเฉียงเหนือ","อำนาจเจริญ","เสนางคนิคม","0.00","เล็กน้อย-ปานกลาง"
"ภาคตะวันออกเฉียงเหนือ","บึงกาฬ","บึงโขงหลง","0.00","เล็กน้อย-ปานกลาง"
"ภาคตะวันออกเฉียงเหนือ","บึงกาฬ","บุ่งคล้า","0.00","เล็กน้อย-ปานกลาง"
"ภาคตะวันออกเฉียงเหนือ","บึงกาฬ","เมืองบึงกาฬ","0.00","เล็กน้อย-ปานกลาง"
"ภาคตะวันออกเฉียงเหนือ","บึงกาฬ","ปากคาด","0.00","เล็กน้อย-ปานกลาง"
"ภาคตะวันออกเฉียงเหนือ","บึงกาฬ","พรเจริญ","0.00","เล็กน้อย-ปานกลาง"
"ภาคตะวันออกเฉียงเหนือ","บึงกาฬ","เซกา","0.00","เล็กน้อย-ปานกลาง"
"ภาคตะวันออกเฉียงเหนือ","บึงกาฬ","ศรีวิไล","0.00","เล็กน้อย-ปานกลาง"
"ภาคตะวันออกเฉียงเหนือ","บึงกาฬ","โซ่พิสัย","0.00","เล็กน้อย-ปานกลาง"
"ภาคตะวันออกเฉียงเหนือ","หนองบัวลำภู","เมืองหนองบัวลำภู","0.00","เล็กน้อย-ปานกลาง"
"ภาคตะวันออกเฉียงเหนือ","หนองบัวลำภู","นากลาง","0.00","เล็กน้อย-ปานกลาง"
"ภาคตะวันออกเฉียงเหนือ","หนองบัวลำภู","นาวัง","0.00","เล็กน้อย-ปานกลาง"
"ภาคตะวันออกเฉียงเหนือ","หนองบัวลำภู","โนนสัง","0.00","เล็กน้อย-ปานกลาง"
"ภาคตะวันออกเฉียงเหนือ","หนองบัวลำภู","ศรีบุญเรือง","0.00","เล็กน้อย-ปานกลาง"
"ภาคตะวันออกเฉียงเหนือ","หนองบัวลำภู","สุวรรณคูหา","0.00","เล็กน้อย-ปานกลาง"
"ภาคตะวันออกเฉียงเหนือ","ขอนแก่น","บ้านฝาง","0.00","เล็กน้อย-ปานกลาง"
"ภาคตะวันออกเฉียงเหนือ","ขอนแก่น","บ้านแฮด","0.00","เล็กน้อย-ปานกลาง"
"ภาคตะวันออกเฉียงเหนือ","ขอนแก่น","บ้านไผ่","0.00","เล็กน้อย-ปานกลาง"
"ภาคตะวันออกเฉียงเหนือ","ขอนแก่น","ชนบท","0.00","เล็กน้อย-ปานกลาง"
"ภาคตะวันออกเฉียงเหนือ","ขอนแก่น","ชุมแพ","0.00","เล็กน้อย-ปานกลาง"
"ภาคตะวันออกเฉียงเหนือ","ขอนแก่น","เขาสวนกวาง","0.00","เล็กน้อย-ปานกลาง"
"ภาคตะวันออกเฉียงเหนือ","ขอนแก่น","โคกโพธิ์ไชย","0.00","เล็กน้อย-ปานกลาง"
"ภาคตะวันออกเฉียงเหนือ","ขอนแก่น","กระนวน","0.00","เล็กน้อย-ปานกลาง"
"ภาคตะวันออกเฉียงเหนือ","ขอนแก่น","มัญจาคีรี","0.00","เล็กน้อย-ปานกลาง"
"ภาคตะวันออกเฉียงเหนือ","ขอนแก่น","เมืองขอนแก่น","0.00","เล็กน้อย-ปานกลาง"
"ภาคตะวันออกเฉียงเหนือ","ขอนแก่น","น้ำพอง","0.00","เล็กน้อย-ปานกลาง"
"ภาคตะวันออกเฉียงเหนือ","ขอนแก่น","โนนศิลา","0.00","เล็กน้อย-ปานกลาง"
"ภาคตะวันออกเฉียงเหนือ","ขอนแก่น","หนองนาคำ","0.00","เล็กน้อย-ปานกลาง"
"ภาคตะวันออกเฉียงเหนือ","ขอนแก่น","หนองเรือ","0.00","เล็กน้อย-ปานกลาง"
"ภาคตะวันออกเฉียงเหนือ","ขอนแก่น","หนองสองห้อง","0.00","เล็กน้อย-ปานกลาง"
"ภาคตะวันออกเฉียงเหนือ","ขอนแก่น","พล","0.00","เล็กน้อย-ปานกลาง"
"ภาคตะวันออกเฉียงเหนือ","ขอนแก่น","พระยืน","0.00","เล็กน้อย-ปานกลาง"
"ภาคตะวันออกเฉียงเหนือ","ขอนแก่น","ภูผาม่าน","0.00","เล็กน้อย-ปานกลาง"
"ภาคตะวันออกเฉียงเหนือ","ขอนแก่น","ภูเวียง","0.00","เล็กน้อย-ปานกลาง"
"ภาคตะวันออกเฉียงเหนือ","ขอนแก่น","เปือยน้อย","0.00","เล็กน้อย-ปานกลาง"
"ภาคตะวันออกเฉียงเหนือ","ขอนแก่น","ซำสูง","0.00","เล็กน้อย-ปานกลาง"
"ภาคตะวันออกเฉียงเหนือ","ขอนแก่น","สีชมพู","0.00","เล็กน้อย-ปานกลาง"
"ภาคตะวันออกเฉียงเหนือ","ขอนแก่น","อุบลรัตน์","0.00","เล็กน้อย-ปานกลาง"
"ภาคตะวันออกเฉียงเหนือ","ขอนแก่น","แวงน้อย","0.00","เล็กน้อย-ปานกลาง"
"ภาคตะวันออกเฉียงเหนือ","ขอนแก่น","แวงใหญ่","0.00","เล็กน้อย-ปานกลาง"
"ภาคตะวันออกเฉียงเหนือ","ขอนแก่น","เวียงเก่า","0.00","เล็กน้อย-ปานกลาง"
"ภาคตะวันออกเฉียงเหนือ","อุดรธานี","บ้านดุง","0.00","เล็กน้อย-ปานกลาง"
"ภาคตะวันออกเฉียงเหนือ","อุดรธานี","บ้านผือ","0.00","เล็กน้อย-ปานกลาง"
"ภาคตะวันออกเฉียงเหนือ","อุดรธานี","ไชยวาน","0.00","เล็กน้อย-ปานกลาง"
"ภาคตะวันออกเฉียงเหนือ","อุดรธานี","กู่แก้ว","0.00","เล็กน้อย-ปานกลาง"
"ภาคตะวันออกเฉียงเหนือ","อุดรธานี","กุมภวาปี","0.00","เล็กน้อย-ปานกลาง"
"ภาคตะวันออกเฉียงเหนือ","อุดรธานี","กุดจับ","0.00","เล็กน้อย-ปานกลาง"
"ภาคตะวันออกเฉียงเหนือ","อุดรธานี","เมืองอุดรธานี","0.00","เล็กน้อย-ปานกลาง"
"ภาคตะวันออกเฉียงเหนือ","อุดรธานี","นายูง","0.00","เล็กน้อย-ปานกลาง"
"ภาคตะวันออกเฉียงเหนือ","อุดรธานี","น้ำโสม","0.00","เล็กน้อย-ปานกลาง"
"ภาคตะวันออกเฉียงเหนือ","อุดรธานี","โนนสะอาด","0.00","เล็กน้อย-ปานกลาง"
"ภาคตะวันออกเฉียงเหนือ","อุดรธานี","หนองหาน","0.00","เล็กน้อย-ปานกลาง"
"ภาคตะวันออกเฉียงเหนือ","อุดรธานี","หนองแสง","0.00","เล็กน้อย-ปานกลาง"
"ภาคตะวันออกเฉียงเหนือ","อุดรธานี","หนองวัวซอ","0.00","เล็กน้อย-ปานกลาง"
"ภาคตะวันออกเฉียงเหนือ","อุดรธานี","เพ็ญ","0.00","เล็กน้อย-ปานกลาง"
"ภาคตะวันออกเฉียงเหนือ","อุดรธานี","พิบูลย์รักษ์","0.00","เล็กน้อย-ปานกลาง"
"ภาคตะวันออกเฉียงเหนือ","อุดรธานี","ประจักษ์ศิลปาคม","0.00","เล็กน้อย-ปานกลาง"
"ภาคตะวันออกเฉียงเหนือ","อุดรธานี","สร้างคอม","0.00","เล็กน้อย-ปานกลาง"
"ภาคตะวันออกเฉียงเหนือ","อุดรธานี","ศรีธาตุ","0.00","เล็กน้อย-ปานกลาง"
"ภาคตะวันออกเฉียงเหนือ","อุดรธานี","ทุ่งฝน","0.00","เล็กน้อย-ปานกลาง"
"ภาคตะวันออกเฉียงเหนือ","อุดรธานี","วังสามหมอ","0.00","เล็กน้อย-ปานกลาง"
"ภาคตะวันออกเฉียงเหนือ","เลย","เชียงคาน","0.00","เล็กน้อย-ปานกลาง"
"ภาคตะวันออกเฉียงเหนือ","เลย","ด่านซ้าย","0.00","เล็กน้อย-ปานกลาง"
"ภาคตะวันออกเฉียงเหนือ","เลย","เอราวัณ","0.00","เล็กน้อย-ปานกลาง"
"ภาคตะวันออกเฉียงเหนือ","เลย","เมืองเลย","0.00","เล็กน้อย-ปานกลาง"
"ภาคตะวันออกเฉียงเหนือ","เลย","นาด้วง","0.00","เล็กน้อย-ปานกลาง"
"ภาคตะวันออกเฉียงเหนือ","เลย","นาแห้ว","0.00","เล็กน้อย-ปานกลาง"
"ภาคตะวันออกเฉียงเหนือ","เลย","หนองหิน","0.00","เล็กน้อย-ปานกลาง"
"ภาคตะวันออกเฉียงเหนือ","เลย","ปากชม","0.00","เล็กน้อย-ปานกลาง"
"ภาคตะวันออกเฉียงเหนือ","เลย","ผาขาว","0.00","เล็กน้อย-ปานกลาง"
"ภาคตะวันออกเฉียงเหนือ","เลย","ภูกระดึง","0.00","เล็กน้อย-ปานกลาง"
"ภาคตะวันออกเฉียงเหนือ","เลย","ภูหลวง","0.00","เล็กน้อย-ปานกลาง"
"ภาคตะวันออกเฉียงเหนือ","เลย","ภูเรือ","0.00","เล็กน้อย-ปานกลาง"
"ภาคตะวันออกเฉียงเหนือ","เลย","ท่าลี่","0.00","เล็กน้อย-ปานกลาง"
"ภาคตะวันออกเฉียงเหนือ","เลย","วังสะพุง","0.00","เล็กน้อย-ปานกลาง"
"ภาคตะวันออกเฉียงเหนือ","หนองคาย","เฝ้าไร่","0.00","เล็กน้อย-ปานกลาง"
"ภาคตะวันออกเฉียงเหนือ","หนองคาย","เมืองหนองคาย","0.00","เล็กน้อย-ปานกลาง"
"ภาคตะวันออกเฉียงเหนือ","หนองคาย","โพธิ์ตาก","0.00","เล็กน้อย-ปานกลาง"
"ภาคตะวันออกเฉียงเหนือ","หนองคาย","โพนพิสัย","0.00","เล็กน้อย-ปานกลาง"
"ภาคตะวันออกเฉียงเหนือ","หนองคาย","รัตนวาปี","0.00","เล็กน้อย-ปานกลาง"
"ภาคตะวันออกเฉียงเหนือ","หนองคาย","สระใคร","0.00","เล็กน้อย-ปานกลาง"
"ภาคตะวันออกเฉียงเหนือ","หนองคาย","สังคม","0.00","เล็กน้อย-ปานกลาง"
"ภาคตะวันออกเฉียงเหนือ","หนองคาย","ศรีเชียงใหม่","0.00","เล็กน้อย-ปานกลาง"
"ภาคตะวันออกเฉียงเหนือ","หนองคาย","ท่าบ่อ","0.00","เล็กน้อย-ปานกลาง"
"ภาคตะวันออกเฉียงเหนือ","มหาสารคาม","บรบือ","0.00","เล็กน้อย-ปานกลาง"
"ภาคตะวันออกเฉียงเหนือ","มหาสารคาม","เชียงยืน","0.00","เล็กน้อย-ปานกลาง"
"ภาคตะวันออกเฉียงเหนือ","มหาสารคาม","ชื่นชม","0.00","เล็กน้อย-ปานกลาง"
"ภาคตะวันออกเฉียงเหนือ","มหาสารคาม","แกดำ","0.00","เล็กน้อย-ปานกลาง"
"ภาคตะวันออกเฉียงเหนือ","มหาสารคาม","กันทรวิชัย","0.00","เล็กน้อย-ปานกลาง"
"ภาคตะวันออกเฉียงเหนือ","มหาสารคาม","โกสุมพิสัย","0.00","เล็กน้อย-ปานกลาง"
"ภาคตะวันออกเฉียงเหนือ","มหาสารคาม","กุดรัง","0.00","เล็กน้อย-ปานกลาง"
"ภาคตะวันออกเฉียงเหนือ","มหาสารคาม","เมืองมหาสารคาม","0.00","เล็กน้อย-ปานกลาง"
"ภาคตะวันออกเฉียงเหนือ","มหาสารคาม","นาเชือก","0.00","เล็กน้อย-ปานกลาง"
"ภาคตะวันออกเฉียงเหนือ","มหาสารคาม","นาดูน","0.00","เล็กน้อย-ปานกลาง"
"ภาคตะวันออกเฉียงเหนือ","มหาสารคาม","พยัคฆภูมิพิสัย","0.00","เล็กน้อย-ปานกลาง"
"ภาคตะวันออกเฉียงเหนือ","มหาสารคาม","วาปีปทุม","0.00","เล็กน้อย-ปานกลาง"
"ภาคตะวันออกเฉียงเหนือ","มหาสารคาม","ยางสีสุราช","0.00","เล็กน้อย-ปานกลาง"
"ภาคตะวันออกเฉียงเหนือ","ร้อยเอ็ด","อาจสามารถ","0.00","เล็กน้อย-ปานกลาง"
"ภาคตะวันออกเฉียงเหนือ","ร้อยเอ็ด","จังหาร","0.00","เล็กน้อย-ปานกลาง"
"ภาคตะวันออกเฉียงเหนือ","ร้อยเอ็ด","จตุรพักตรพิมาน","0.00","เล็กน้อย-ปานกลาง"
"ภาคตะวันออกเฉียงเหนือ","ร้อยเอ็ด","เชียงขวัญ","0.00","เล็กน้อย-ปานกลาง"
"ภาคตะวันออกเฉียงเหนือ","ร้อยเอ็ด","เกษตรวิสัย","0.00","เล็กน้อย-ปานกลาง"
"ภาคตะวันออกเฉียงเหนือ","ร้อยเอ็ด","เมยวดี","0.00","เล็กน้อย-ปานกลาง"
"ภาคตะวันออกเฉียงเหนือ","ร้อยเอ็ด","เมืองร้อยเอ็ด","0.00","เล็กน้อย-ปานกลาง"
"ภาคตะวันออกเฉียงเหนือ","ร้อยเอ็ด","เมืองสรวง","0.00","เล็กน้อย-ปานกลาง"
"ภาคตะวันออกเฉียงเหนือ","ร้อยเอ็ด","หนองฮี","0.00","เล็กน้อย-ปานกลาง"
"ภาคตะวันออกเฉียงเหนือ","ร้อยเอ็ด","หนองพอก","0.00","เล็กน้อย-ปานกลาง"
"ภาคตะวันออกเฉียงเหนือ","ร้อยเอ็ด","ปทุมรัตต์","0.00","เล็กน้อย-ปานกลาง"
"ภาคตะวันออกเฉียงเหนือ","ร้อยเอ็ด","พนมไพร","0.00","เล็กน้อย-ปานกลาง"
"ภาคตะวันออกเฉียงเหนือ","ร้อยเอ็ด","โพธิ์ชัย","0.00","เล็กน้อย-ปานกลาง"
"ภาคตะวันออกเฉียงเหนือ","ร้อยเอ็ด","โพนทราย","0.00","เล็กน้อย-ปานกลาง"
"ภาคตะวันออกเฉียงเหนือ","ร้อยเอ็ด","โพนทอง","0.00","เล็กน้อย-ปานกลาง"
"ภาคตะวันออกเฉียงเหนือ","ร้อยเอ็ด","เสลภูมิ","0.00","เล็กน้อย-ปานกลาง"
"ภาคตะวันออกเฉียงเหนือ","ร้อยเอ็ด","ศรีสมเด็จ","0.00","เล็กน้อย-ปานกลาง"
"ภาคตะวันออกเฉียงเหนือ","ร้อยเอ็ด","สุวรรณภูมิ","0.00","เล็กน้อย-ปานกลาง"
"ภาคตะวันออกเฉียงเหนือ","ร้อยเอ็ด","ธวัชบุรี","0.00","เล็กน้อย-ปานกลาง"
"ภาคตะวันออกเฉียงเหนือ","ร้อยเอ็ด","ทุ่งเขาหลวง","0.00","เล็กน้อย-ปานกลาง"
"ภาคตะวันออกเฉียงเหนือ","กาฬสินธุ์","ดอนจาน","0.00","เล็กน้อย-ปานกลาง"
"ภาคตะวันออกเฉียงเหนือ","กาฬสินธุ์","ห้วยเม็ก","0.00","เล็กน้อย-ปานกลาง"
"ภาคตะวันออกเฉียงเหนือ","กาฬสินธุ์","ห้วยผึ้ง","0.00","เล็กน้อย-ปานกลาง"
"ภาคตะวันออกเฉียงเหนือ","กาฬสินธุ์","กมลาไสย","0.00","เล็กน้อย-ปานกลาง"
"ภาคตะวันออกเฉียงเหนือ","กาฬสินธุ์","คำม่วง","0.00","เล็กน้อย-ปานกลาง"
"ภาคตะวันออกเฉียงเหนือ","กาฬสินธุ์","เขาวง","0.00","เล็กน้อย-ปานกลาง"
"ภาคตะวันออกเฉียงเหนือ","กาฬสินธุ์","ฆ้องชัย","0.00","เล็กน้อย-ปานกลาง"
"ภาคตะวันออกเฉียงเหนือ","กาฬสินธุ์","กุฉินารายณ์","0.00","เล็กน้อย-ปานกลาง"
"ภาคตะวันออกเฉียงเหนือ","กาฬสินธุ์","เมืองกาฬสินธุ์","0.00","เล็กน้อย-ปานกลาง"
"ภาคตะวันออกเฉียงเหนือ","กาฬสินธุ์","นาคู","0.00","เล็กน้อย-ปานกลาง"
"ภาคตะวันออกเฉียงเหนือ","กาฬสินธุ์","นามน","0.00","เล็กน้อย-ปานกลาง"
"ภาคตะวันออกเฉียงเหนือ","กาฬสินธุ์","หนองกุงศรี","0.00","เล็กน้อย-ปานกลาง"
"ภาคตะวันออกเฉียงเหนือ","กาฬสินธุ์","ร่องคำ","0.00","เล็กน้อย-ปานกลาง"
"ภาคตะวันออกเฉียงเหนือ","กาฬสินธุ์","สหัสขันธ์","0.00","เล็กน้อย-ปานกลาง"
"ภาคตะวันออกเฉียงเหนือ","กาฬสินธุ์","สามชัย","0.00","เล็กน้อย-ปานกลาง"
"ภาคตะวันออกเฉียงเหนือ","กาฬสินธุ์","สมเด็จ","0.00","เล็กน้อย-ปานกลาง"
"ภาคตะวันออกเฉียงเหนือ","กาฬสินธุ์","ท่าคันโท","0.00","เล็กน้อย-ปานกลาง"
"ภาคตะวันออกเฉียงเหนือ","กาฬสินธุ์","ยางตลาด","0.00","เล็กน้อย-ปานกลาง"
"ภาคตะวันออกเฉียงเหนือ","สกลนคร","อากาศอำนวย","0.00","เล็กน้อย-ปานกลาง"
"ภาคตะวันออกเฉียงเหนือ","สกลนคร","บ้านม่วง","0.00","เล็กน้อย-ปานกลาง"
"ภาคตะวันออกเฉียงเหนือ","สกลนคร","เจริญศิลป์","0.00","เล็กน้อย-ปานกลาง"
"ภาคตะวันออกเฉียงเหนือ","สกลนคร","คำตากล้า","0.00","เล็กน้อย-ปานกลาง"
"ภาคตะวันออกเฉียงเหนือ","สกลนคร","โคกศรีสุพรรณ","0.00","เล็กน้อย-ปานกลาง"
"ภาคตะวันออกเฉียงเหนือ","สกลนคร","กุสุมาลย์","0.00","เล็กน้อย-ปานกลาง"
"ภาคตะวันออกเฉียงเหนือ","สกลนคร","กุดบาก","0.00","เล็กน้อย-ปานกลาง"
"ภาคตะวันออกเฉียงเหนือ","สกลนคร","เมืองสกลนคร","0.00","เล็กน้อย-ปานกลาง"
"ภาคตะวันออกเฉียงเหนือ","สกลนคร","นิคมน้ำอูน","0.00","เล็กน้อย-ปานกลาง"
"ภาคตะวันออกเฉียงเหนือ","สกลนคร","พังโคน","0.00","เล็กน้อย-ปานกลาง"
"ภาคตะวันออกเฉียงเหนือ","สกลนคร","พรรณานิคม","0.00","เล็กน้อย-ปานกลาง"
"ภาคตะวันออกเฉียงเหนือ","สกลนคร","โพนนาแก้ว","0.00","เล็กน้อย-ปานกลาง"
"ภาคตะวันออกเฉียงเหนือ","สกลนคร","ภูพาน","0.00","เล็กน้อย-ปานกลาง"
"ภาคตะวันออกเฉียงเหนือ","สกลนคร","สว่างแดนดิน","0.00","เล็กน้อย-ปานกลาง"
"ภาคตะวันออกเฉียงเหนือ","สกลนคร","ส่องดาว","0.00","เล็กน้อย-ปานกลาง"
"ภาคตะวันออกเฉียงเหนือ","สกลนคร","เต่างอย","0.00","เล็กน้อย-ปานกลาง"
"ภาคตะวันออกเฉียงเหนือ","สกลนคร","วานรนิวาส","0.00","เล็กน้อย-ปานกลาง"
"ภาคตะวันออกเฉียงเหนือ","สกลนคร","วาริชภูมิ","0.00","เล็กน้อย-ปานกลาง"
"ภาคตะวันออกเฉียงเหนือ","นครพนม","บ้านแพง","0.00","เล็กน้อย-ปานกลาง"
"ภาคตะวันออกเฉียงเหนือ","นครพนม","เมืองนครพนม","0.00","เล็กน้อย-ปานกลาง"
"ภาคตะวันออกเฉียงเหนือ","นครพนม","นาแก","0.00","เล็กน้อย-ปานกลาง"
"ภาคตะวันออกเฉียงเหนือ","นครพนม","นาทม","0.00","เล็กน้อย-ปานกลาง"
"ภาคตะวันออกเฉียงเหนือ","นครพนม","นาหว้า","0.00","เล็กน้อย-ปานกลาง"
"ภาคตะวันออกเฉียงเหนือ","นครพนม","โพนสวรรค์","0.00","เล็กน้อย-ปานกลาง"
"ภาคตะวันออกเฉียงเหนือ","นครพนม","ปลาปาก","0.00","เล็กน้อย-ปานกลาง"
"ภาคตะวันออกเฉียงเหนือ","นครพนม","เรณูนคร","0.00","เล็กน้อย-ปานกลาง"
"ภาคตะวันออกเฉียงเหนือ","นครพนม","ศรีสงคราม","0.00","เล็กน้อย-ปานกลาง"
"ภาคตะวันออกเฉียงเหนือ","นครพนม","ท่าอุเทน","0.00","เล็กน้อย-ปานกลาง"
"ภาคตะวันออกเฉียงเหนือ","นครพนม","ธาตุพนม","0.00","เล็กน้อย-ปานกลาง"
"ภาคตะวันออกเฉียงเหนือ","นครพนม","วังยาง","0.00","เล็กน้อย-ปานกลาง"
"ภาคตะวันออกเฉียงเหนือ","มุกดาหาร","ดอนตาล","0.00","เล็กน้อย-ปานกลาง"
"ภาคตะวันออกเฉียงเหนือ","มุกดาหาร","ดงหลวง","0.00","เล็กน้อย-ปานกลาง"
"ภาคตะวันออกเฉียงเหนือ","มุกดาหาร","คำชะอี","0.00","เล็กน้อย-ปานกลาง"
"ภาคตะวันออกเฉียงเหนือ","มุกดาหาร","เมืองมุกดาหาร","0.00","เล็กน้อย-ปานกลาง"
"ภาคตะวันออกเฉียงเหนือ","มุกดาหาร","นิคมคำสร้อย","0.00","เล็กน้อย-ปานกลาง"
"ภาคตะวันออกเฉียงเหนือ","มุกดาหาร","หนองสูง","0.00","เล็กน้อย-ปานกลาง"
"ภาคตะวันออกเฉียงเหนือ","มุกดาหาร","หว้านใหญ่","0.00","เล็กน้อย-ปานกลาง"
"ภาคเหนือ","เชียงใหม่","ไชยปราการ","0.00","เล็กน้อย-ปานกลาง"
"ภาคเหนือ","เชียงใหม่","ดอยหล่อ","0.00","เล็กน้อย-ปานกลาง"
"ภาคเหนือ","เชียงใหม่","ดอยสะเก็ด","0.00","เล็กน้อย-ปานกลาง"
"ภาคเหนือ","เชียงใหม่","ดอยเต่า","0.00","เล็กน้อย-ปานกลาง"
"ภาคเหนือ","เชียงใหม่","ฝาง","0.00","เล็กน้อย-ปานกลาง"
"ภาคเหนือ","เชียงใหม่","หางดง","0.00","เล็กน้อย-ปานกลาง"
"ภาคเหนือ","เชียงใหม่","แม่อาย","0.00","เล็กน้อย-ปานกลาง"
"ภาคเหนือ","เชียงใหม่","แม่ออน","0.00","เล็กน้อย-ปานกลาง"
"ภาคเหนือ","เชียงใหม่","แม่ริม","0.00","เล็กน้อย-ปานกลาง"
"ภาคเหนือ","เชียงใหม่","เมืองเชียงใหม่","0.00","เล็กน้อย-ปานกลาง"
"ภาคเหนือ","เชียงใหม่","พร้าว","0.00","เล็กน้อย-ปานกลาง"
"ภาคเหนือ","เชียงใหม่","สันกำแพง","0.00","เล็กน้อย-ปานกลาง"
"ภาคเหนือ","เชียงใหม่","สันป่าตอง","0.00","เล็กน้อย-ปานกลาง"
"ภาคเหนือ","เชียงใหม่","สันทราย","0.00","เล็กน้อย-ปานกลาง"
"ภาคเหนือ","เชียงใหม่","สารภี","0.00","เล็กน้อย-ปานกลาง"
"ภาคเหนือ","ลำพูน","บ้านโฮ่ง","0.00","เล็กน้อย-ปานกลาง"
"ภาคเหนือ","ลำพูน","บ้านธิ","0.00","เล็กน้อย-ปานกลาง"
"ภาคเหนือ","ลำพูน","ลี้","0.00","เล็กน้อย-ปานกลาง"
"ภาคเหนือ","ลำพูน","แม่ทา","0.00","เล็กน้อย-ปานกลาง"
"ภาคเหนือ","ลำพูน","เมืองลำพูน","0.00","เล็กน้อย-ปานกลาง"
"ภาคเหนือ","ลำพูน","ป่าซาง","0.00","เล็กน้อย-ปานกลาง"
"ภาคเหนือ","ลำพูน","ทุ่งหัวช้าง","0.00","เล็กน้อย-ปานกลาง"
"ภาคเหนือ","ลำพูน","เวียงหนองล่อง","0.00","เล็กน้อย-ปานกลาง"
"ภาคเหนือ","ลำปาง","แจ้ห่ม","0.00","เล็กน้อย-ปานกลาง"
"ภาคเหนือ","ลำปาง","ห้างฉัตร","0.00","เล็กน้อย-ปานกลาง"
"ภาคเหนือ","ลำปาง","เกาะคา","0.00","เล็กน้อย-ปานกลาง"
"ภาคเหนือ","ลำปาง","แม่เมาะ","0.00","เล็กน้อย-ปานกลาง"
"ภาคเหนือ","ลำปาง","แม่พริก","0.00","เล็กน้อย-ปานกลาง"
"ภาคเหนือ","ลำปาง","แม่ทะ","0.00","เล็กน้อย-ปานกลาง"
"ภาคเหนือ","ลำปาง","เมืองลำปาง","0.00","เล็กน้อย-ปานกลาง"
"ภาคเหนือ","ลำปาง","เมืองปาน","0.00","เล็กน้อย-ปานกลาง"
"ภาคเหนือ","ลำปาง","งาว","0.00","เล็กน้อย-ปานกลาง"
"ภาคเหนือ","ลำปาง","เสริมงาม","0.00","เล็กน้อย-ปานกลาง"
"ภาคเหนือ","ลำปาง","สบปราบ","0.00","เล็กน้อย-ปานกลาง"
"ภาคเหนือ","ลำปาง","เถิน","0.00","เล็กน้อย-ปานกลาง"
"ภาคเหนือ","ลำปาง","วังเหนือ","0.00","เล็กน้อย-ปานกลาง"
"ภาคเหนือ","อุตรดิตถ์","บ้านโคก","0.00","เล็กน้อย-ปานกลาง"
"ภาคเหนือ","อุตรดิตถ์","ฟากท่า","0.00","เล็กน้อย-ปานกลาง"
"ภาคเหนือ","อุตรดิตถ์","ลับแล","0.00","เล็กน้อย-ปานกลาง"
"ภาคเหนือ","อุตรดิตถ์","เมืองอุตรดิตถ์","0.00","เล็กน้อย-ปานกลาง"
"ภาคเหนือ","อุตรดิตถ์","พิชัย","0.00","เล็กน้อย-ปานกลาง"
"ภาคเหนือ","อุตรดิตถ์","ท่าปลา","0.00","เล็กน้อย-ปานกลาง"
"ภาคเหนือ","อุตรดิตถ์","ตรอน","0.00","เล็กน้อย-ปานกลาง"
"ภาคเหนือ","แพร่","เด่นชัย","0.00","เล็กน้อย-ปานกลาง"
"ภาคเหนือ","แพร่","ลอง","0.00","เล็กน้อย-ปานกลาง"
"ภาคเหนือ","แพร่","เมืองแพร่","0.00","เล็กน้อย-ปานกลาง"
"ภาคเหนือ","แพร่","หนองม่วงไข่","0.00","เล็กน้อย-ปานกลาง"
"ภาคเหนือ","แพร่","สอง","0.00","เล็กน้อย-ปานกลาง"
"ภาคเหนือ","แพร่","สูงเม่น","0.00","เล็กน้อย-ปานกลาง"
"ภาคเหนือ","แพร่","วังชิ้น","0.00","เล็กน้อย-ปานกลาง"
"ภาคเหนือ","น่าน","บ้านหลวง","0.00","เล็กน้อย-ปานกลาง"
"ภาคเหนือ","น่าน","เชียงกลาง","0.00","เล็กน้อย-ปานกลาง"
"ภาคเหนือ","น่าน","เมืองน่าน","0.00","เล็กน้อย-ปานกลาง"
"ภาคเหนือ","น่าน","ภูเพียง","0.00","เล็กน้อย-ปานกลาง"
"ภาคเหนือ","น่าน","สันติสุข","0.00","เล็กน้อย-ปานกลาง"
"ภาคเหนือ","น่าน","สองแคว","0.00","เล็กน้อย-ปานกลาง"
"ภาคเหนือ","น่าน","ท่าวังผา","0.00","เล็กน้อย-ปานกลาง"
"ภาคเหนือ","น่าน","เวียงสา","0.00","เล็กน้อย-ปานกลาง"
"ภาคเหนือ","พะเยา","เชียงคำ","0.00","เล็กน้อย-ปานกลาง"
"ภาคเหนือ","พะเยา","เชียงม่วน","0.00","เล็กน้อย-ปานกลาง"
"ภาคเหนือ","พะเยา","จุน","0.00","เล็กน้อย-ปานกลาง"
"ภาคเหนือ","พะเยา","ดอกคำใต้","0.00","เล็กน้อย-ปานกลาง"
"ภาคเหนือ","พะเยา","แม่ใจ","0.00","เล็กน้อย-ปานกลาง"
"ภาคเหนือ","พะเยา","เมืองพะเยา","0.00","เล็กน้อย-ปานกลาง"
"ภาคเหนือ","พะเยา","ภูกามยาว","0.00","เล็กน้อย-ปานกลาง"
"ภาคเหนือ","พะเยา","ภูซาง","0.00","เล็กน้อย-ปานกลาง"
"ภาคเหนือ","พะเยา","ปง","0.00","เล็กน้อย-ปานกลาง"
"ภาคเหนือ","เชียงราย","เชียงของ","0.00","เล็กน้อย-ปานกลาง"
"ภาคเหนือ","เชียงราย","เชียงแสน","0.00","เล็กน้อย-ปานกลาง"
"ภาคเหนือ","เชียงราย","ดอยหลวง","0.00","เล็กน้อย-ปานกลาง"
"ภาคเหนือ","เชียงราย","ขุนตาล","0.00","เล็กน้อย-ปานกลาง"
"ภาคเหนือ","เชียงราย","แม่จัน","0.00","เล็กน้อย-ปานกลาง"
"ภาคเหนือ","เชียงราย","แม่ฟ้าหลวง","0.00","เล็กน้อย-ปานกลาง"
"ภาคเหนือ","เชียงราย","แม่ลาว","0.00","เล็กน้อย-ปานกลาง"
"ภาคเหนือ","เชียงราย","แม่สาย","0.00","เล็กน้อย-ปานกลาง"
"ภาคเหนือ","เชียงราย","แม่สรวย","0.00","เล็กน้อย-ปานกลาง"
"ภาคเหนือ","เชียงราย","ป่าแดด","0.00","เล็กน้อย-ปานกลาง"
"ภาคเหนือ","เชียงราย","พาน","0.00","เล็กน้อย-ปานกลาง"
"ภาคเหนือ","เชียงราย","พญาเม็งราย","0.00","เล็กน้อย-ปานกลาง"
"ภาคเหนือ","เชียงราย","เทิง","0.00","เล็กน้อย-ปานกลาง"
"ภาคเหนือ","เชียงราย","เวียงชัย","0.00","เล็กน้อย-ปานกลาง"
"ภาคเหนือ","เชียงราย","เวียงเชียงรุ้ง","0.00","เล็กน้อย-ปานกลาง"
"ภาคเหนือ","เชียงราย","เวียงแก่น","0.00","เล็กน้อย-ปานกลาง"
"ภาคเหนือ","เชียงราย","เวียงป่าเป้า","0.00","เล็กน้อย-ปานกลาง"
"ภาคเหนือ","แม่ฮ่องสอน","ปางมะผ้า","0.00","เล็กน้อย-ปานกลาง"
"ภาคกลาง","นครสวรรค์","บรรพตพิสัย","0.00","เล็กน้อย-ปานกลาง"
"ภาคกลาง","นครสวรรค์","ชุมแสง","0.00","เล็กน้อย-ปานกลาง"
"ภาคกลาง","นครสวรรค์","ชุมตาบง","0.00","เล็กน้อย-ปานกลาง"
"ภาคกลาง","นครสวรรค์","เก้าเลี้ยว","0.00","เล็กน้อย-ปานกลาง"
"ภาคกลาง","นครสวรรค์","โกรกพระ","0.00","เล็กน้อย-ปานกลาง"
"ภาคกลาง","นครสวรรค์","ลาดยาว","0.00","เล็กน้อย-ปานกลาง"
"ภาคกลาง","นครสวรรค์","แม่เปิน","0.00","เล็กน้อย-ปานกลาง"
"ภาคกลาง","นครสวรรค์","แม่วงก์","0.00","เล็กน้อย-ปานกลาง"
"ภาคกลาง","นครสวรรค์","เมืองนครสวรรค์","0.00","เล็กน้อย-ปานกลาง"
"ภาคกลาง","นครสวรรค์","หนองบัว","0.00","เล็กน้อย-ปานกลาง"
"ภาคกลาง","นครสวรรค์","ไพศาลี","0.00","เล็กน้อย-ปานกลาง"
"ภาคกลาง","นครสวรรค์","พยุหะคีรี","0.00","เล็กน้อย-ปานกลาง"
"ภาคกลาง","นครสวรรค์","ตากฟ้า","0.00","เล็กน้อย-ปานกลาง"
"ภาคกลาง","นครสวรรค์","ตาคลี","0.00","เล็กน้อย-ปานกลาง"
"ภาคกลาง","นครสวรรค์","ท่าตะโก","0.00","เล็กน้อย-ปานกลาง"
"ภาคกลาง","อุทัยธานี","บ้านไร่","0.00","เล็กน้อย-ปานกลาง"
"ภาคกลาง","อุทัยธานี","ห้วยคต","0.00","เล็กน้อย-ปานกลาง"
"ภาคกลาง","อุทัยธานี","ลานสัก","0.00","เล็กน้อย-ปานกลาง"
"ภาคกลาง","อุทัยธานี","เมืองอุทัยธานี","0.00","เล็กน้อย-ปานกลาง"
"ภาคกลาง","อุทัยธานี","หนองฉาง","0.00","เล็กน้อย-ปานกลาง"
"ภาคกลาง","อุทัยธานี","หนองขาหย่าง","0.00","เล็กน้อย-ปานกลาง"
"ภาคกลาง","อุทัยธานี","สว่างอารมณ์","0.00","เล็กน้อย-ปานกลาง"
"ภาคกลาง","อุทัยธานี","ทัพทัน","0.00","เล็กน้อย-ปานกลาง"
"ภาคเหนือ","กำแพงเพชร","บึงสามัคคี","0.00","เล็กน้อย-ปานกลาง"
"ภาคเหนือ","กำแพงเพชร","ขาณุวรลักษบุรี","0.00","เล็กน้อย-ปานกลาง"
"ภาคเหนือ","กำแพงเพชร","คลองขลุง","0.00","เล็กน้อย-ปานกลาง"
"ภาคเหนือ","กำแพงเพชร","คลองลาน","0.00","เล็กน้อย-ปานกลาง"
"ภาคเหนือ","กำแพงเพชร","โกสัมพีนคร","0.00","เล็กน้อย-ปานกลาง"
"ภาคเหนือ","กำแพงเพชร","ลานกระบือ","0.00","เล็กน้อย-ปานกลาง"
"ภาคเหนือ","กำแพงเพชร","เมืองกำแพงเพชร","0.00","เล็กน้อย-ปานกลาง"
"ภาคเหนือ","กำแพงเพชร","ปางศิลาทอง","0.00","เล็กน้อย-ปานกลาง"
"ภาคเหนือ","กำแพงเพชร","พรานกระต่าย","0.00","เล็กน้อย-ปานกลาง"
"ภาคเหนือ","กำแพงเพชร","ไทรงาม","0.00","เล็กน้อย-ปานกลาง"
"ภาคเหนือ","กำแพงเพชร","ทรายทองวัฒนา","0.00","เล็กน้อย-ปานกลาง"
"ภาคเหนือ","ตาก","บ้านตาก","0.00","เล็กน้อย-ปานกลาง"
"ภาคเหนือ","ตาก","แม่สอด","0.00","เล็กน้อย-ปานกลาง"
"ภาคเหนือ","ตาก","เมืองตาก","0.00","เล็กน้อย-ปานกลาง"
"ภาคเหนือ","ตาก","พบพระ","0.00","เล็กน้อย-ปานกลาง"
"ภาคเหนือ","ตาก","อุ้มผาง","0.00","เล็กน้อย-ปานกลาง"
"ภาคเหนือ","ตาก","วังเจ้า","0.00","เล็กน้อย-ปานกลาง"
"ภาคเหนือ","สุโขทัย","บ้านด่านลานหอย","0.00","เล็กน้อย-ปานกลาง"
"ภาคเหนือ","สุโขทัย","คีรีมาศ","0.00","เล็กน้อย-ปานกลาง"
"ภาคเหนือ","สุโขทัย","กงไกรลาศ","0.00","เล็กน้อย-ปานกลาง"
"ภาคเหนือ","สุโขทัย","เมืองสุโขทัย","0.00","เล็กน้อย-ปานกลาง"
"ภาคเหนือ","สุโขทัย","สวรรคโลก","0.00","เล็กน้อย-ปานกลาง"
"ภาคเหนือ","สุโขทัย","ศรีนคร","0.00","เล็กน้อย-ปานกลาง"
"ภาคเหนือ","สุโขทัย","ศรีสำโรง","0.00","เล็กน้อย-ปานกลาง"
"ภาคเหนือ","สุโขทัย","ศรีสัชนาลัย","0.00","เล็กน้อย-ปานกลาง"
"ภาคเหนือ","สุโขทัย","ทุ่งเสลี่ยม","0.00","เล็กน้อย-ปานกลาง"
"ภาคเหนือ","พิษณุโลก","บางกระทุ่ม","0.00","เล็กน้อย-ปานกลาง"
"ภาคเหนือ","พิษณุโลก","บางระกำ","0.00","เล็กน้อย-ปานกลาง"
"ภาคเหนือ","พิษณุโลก","เมืองพิษณุโลก","0.00","เล็กน้อย-ปานกลาง"
"ภาคเหนือ","พิษณุโลก","นครไทย","0.00","เล็กน้อย-ปานกลาง"
"ภาคเหนือ","พิษณุโลก","เนินมะปราง","0.00","เล็กน้อย-ปานกลาง"
"ภาคเหนือ","พิษณุโลก","พรหมพิราม","0.00","เล็กน้อย-ปานกลาง"
"ภาคเหนือ","พิษณุโลก","วังทอง","0.00","เล็กน้อย-ปานกลาง"
"ภาคเหนือ","พิษณุโลก","วัดโบสถ์","0.00","เล็กน้อย-ปานกลาง"
"ภาคเหนือ","พิจิตร","บางมูลนาก","0.00","เล็กน้อย-ปานกลาง"
"ภาคเหนือ","พิจิตร","บึงนาราง","0.00","เล็กน้อย-ปานกลาง"
"ภาคเหนือ","พิจิตร","ดงเจริญ","0.00","เล็กน้อย-ปานกลาง"
"ภาคเหนือ","พิจิตร","เมืองพิจิตร","0.00","เล็กน้อย-ปานกลาง"
"ภาคเหนือ","พิจิตร","โพธิ์ประทับช้าง","0.00","เล็กน้อย-ปานกลาง"
"ภาคเหนือ","พิจิตร","โพทะเล","0.00","เล็กน้อย-ปานกลาง"
"ภาคเหนือ","พิจิตร","สากเหล็ก","0.00","เล็กน้อย-ปานกลาง"
"ภาคเหนือ","พิจิตร","สามง่าม","0.00","เล็กน้อย-ปานกลาง"
"ภาคเหนือ","พิจิตร","ทับคล้อ","0.00","เล็กน้อย-ปานกลาง"
"ภาคเหนือ","พิจิตร","ตะพานหิน","0.00","เล็กน้อย-ปานกลาง"
"ภาคเหนือ","พิจิตร","วชิรบารมี","0.00","เล็กน้อย-ปานกลาง"
"ภาคเหนือ","พิจิตร","วังทรายพูน","0.00","เล็กน้อย-ปานกลาง"
"ภาคเหนือ","เพชรบูรณ์","บึงสามพัน","0.00","เล็กน้อย-ปานกลาง"
"ภาคเหนือ","เพชรบูรณ์","ชนแดน","0.00","เล็กน้อย-ปานกลาง"
"ภาคเหนือ","เพชรบูรณ์","เขาค้อ","0.00","เล็กน้อย-ปานกลาง"
"ภาคเหนือ","เพชรบูรณ์","หล่มเก่า","0.00","เล็กน้อย-ปานกลาง"
"ภาคเหนือ","เพชรบูรณ์","หล่มสัก","0.00","เล็กน้อย-ปานกลาง"
"ภาคเหนือ","เพชรบูรณ์","เมืองเพชรบูรณ์","0.00","เล็กน้อย-ปานกลาง"
"ภาคเหนือ","เพชรบูรณ์","น้ำหนาว","0.00","เล็กน้อย-ปานกลาง"
"ภาคเหนือ","เพชรบูรณ์","หนองไผ่","0.00","เล็กน้อย-ปานกลาง"
"ภาคเหนือ","เพชรบูรณ์","ศรีเทพ","0.00","เล็กน้อย-ปานกลาง"
"ภาคเหนือ","เพชรบูรณ์","วังโป่ง","0.00","เล็กน้อย-ปานกลาง"
"ภาคเหนือ","เพชรบูรณ์","วิเชียรบุรี","0.00","เล็กน้อย-ปานกลาง"
"ภาคกลาง","ราชบุรี","บ้านคา","0.00","เล็กน้อย-ปานกลาง"
"ภาคกลาง","ราชบุรี","บ้านโป่ง","0.00","เล็กน้อย-ปานกลาง"
"ภาคกลาง","ราชบุรี","บางแพ","0.00","เล็กน้อย-ปานกลาง"
"ภาคกลาง","ราชบุรี","จอมบึง","0.00","เล็กน้อย-ปานกลาง"
"ภาคกลาง","ราชบุรี","ดำเนินสะดวก","0.00","เล็กน้อย-ปานกลาง"
"ภาคกลาง","ราชบุรี","เมืองราชบุรี","0.00","เล็กน้อย-ปานกลาง"
"ภาคกลาง","ราชบุรี","ปากท่อ","0.00","เล็กน้อย-ปานกลาง"
"ภาคกลาง","ราชบุรี","โพธาราม","0.00","เล็กน้อย-ปานกลาง"
"ภาคกลาง","ราชบุรี","สวนผึ้ง","0.00","เล็กน้อย-ปานกลาง"
"ภาคกลาง","ราชบุรี","วัดเพลง","0.00","เล็กน้อย-ปานกลาง"
"ภาคกลาง","กาญจนบุรี","บ่อพลอย","0.00","เล็กน้อย-ปานกลาง"
"ภาคกลาง","กาญจนบุรี","ด่านมะขามเตี้ย","0.00","เล็กน้อย-ปานกลาง"
"ภาคกลาง","กาญจนบุรี","ห้วยกระเจา","0.00","เล็กน้อย-ปานกลาง"
"ภาคกลาง","กาญจนบุรี","เลาขวัญ","0.00","เล็กน้อย-ปานกลาง"
"ภาคกลาง","กาญจนบุรี","เมืองกาญจนบุรี","0.00","เล็กน้อย-ปานกลาง"
"ภาคกลาง","กาญจนบุรี","หนองปรือ","0.00","เล็กน้อย-ปานกลาง"
"ภาคกลาง","กาญจนบุรี","พนมทวน","0.00","เล็กน้อย-ปานกลาง"
"ภาคกลาง","กาญจนบุรี","ไทรโยค","0.00","เล็กน้อย-ปานกลาง"
"ภาคกลาง","กาญจนบุรี","สังขละบุรี","0.00","เล็กน้อย-ปานกลาง"
"ภาคกลาง","กาญจนบุรี","ศรีสวัสดิ์","0.00","เล็กน้อย-ปานกลาง"
"ภาคกลาง","กาญจนบุรี","ท่ามะกา","0.00","เล็กน้อย-ปานกลาง"
"ภาคกลาง","กาญจนบุรี","ท่าม่วง","0.00","เล็กน้อย-ปานกลาง"
"ภาคกลาง","กาญจนบุรี","ทองผาภูมิ","0.00","เล็กน้อย-ปานกลาง"
"ภาคกลาง","สุพรรณบุรี","ด่านช้าง","0.00","เล็กน้อย-ปานกลาง"
"ภาคกลาง","สุพรรณบุรี","เดิมบางนางบวช","0.00","เล็กน้อย-ปานกลาง"
"ภาคกลาง","สุพรรณบุรี","ดอนเจดีย์","0.00","เล็กน้อย-ปานกลาง"
"ภาคกลาง","สุพรรณบุรี","หนองหญ้าไซ","0.00","เล็กน้อย-ปานกลาง"
"ภาคกลาง","สุพรรณบุรี","สามชุก","0.00","เล็กน้อย-ปานกลาง"
"ภาคกลาง","สุพรรณบุรี","ศรีประจันต์","0.00","เล็กน้อย-ปานกลาง"
"ภาคกลาง","สุพรรณบุรี","อู่ทอง","0.00","เล็กน้อย-ปานกลาง"
"ภาคกลาง","นครปฐม","ดอนตูม","0.00","เล็กน้อย-ปานกลาง"
"ภาคกลาง","นครปฐม","กำแพงแสน","0.00","เล็กน้อย-ปานกลาง"
"ภาคกลาง","นครปฐม","เมืองนครปฐม","0.00","เล็กน้อย-ปานกลาง"
"ภาคกลาง","สมุทรสาคร","บ้านแพ้ว","0.00","เล็กน้อย-ปานกลาง"
"ภาคกลาง","สมุทรสาคร","เมืองสมุทรสาคร","0.00","เล็กน้อย-ปานกลาง"
"ภาคกลาง","สมุทรสงคราม","อัมพวา","0.00","เล็กน้อย-ปานกลาง"
"ภาคกลาง","สมุทรสงคราม","บางคนที","0.00","เล็กน้อย-ปานกลาง"
"ภาคกลาง","สมุทรสงคราม","เมืองสมุทรสงคราม","0.00","เล็กน้อย-ปานกลาง"
"ภาคใต้ฝั่งตะวันออก","เพชรบุรี","บ้านแหลม","0.00","เล็กน้อย-ปานกลาง"
"ภาคใต้ฝั่งตะวันออก","เพชรบุรี","บ้านลาด","0.00","เล็กน้อย-ปานกลาง"
"ภาคใต้ฝั่งตะวันออก","เพชรบุรี","ชะอำ","0.00","เล็กน้อย-ปานกลาง"
"ภาคใต้ฝั่งตะวันออก","เพชรบุรี","แก่งกระจาน","0.00","เล็กน้อย-ปานกลาง"
"ภาคใต้ฝั่งตะวันออก","เพชรบุรี","เขาย้อย","0.00","เล็กน้อย-ปานกลาง"
"ภาคใต้ฝั่งตะวันออก","เพชรบุรี","เมืองเพชรบุรี","0.00","เล็กน้อย-ปานกลาง"
"ภาคใต้ฝั่งตะวันออก","เพชรบุรี","หนองหญ้าปล้อง","0.00","เล็กน้อย-ปานกลาง"
"ภาคใต้ฝั่งตะวันออก","เพชรบุรี","ท่ายาง","0.00","เล็กน้อย-ปานกลาง"
"ภาคใต้ฝั่งตะวันออก","ประจวบคีรีขันธ์","หัวหิน","0.00","เล็กน้อย-ปานกลาง"
"ภาคใต้ฝั่งตะวันออก","ประจวบคีรีขันธ์","กุยบุรี","0.00","เล็กน้อย-ปานกลาง"
"ภาคใต้ฝั่งตะวันออก","ประจวบคีรีขันธ์","เมืองประจวบคีรีข","0.00","เล็กน้อย-ปานกลาง"
"ภาคใต้ฝั่งตะวันออก","ประจวบคีรีขันธ์","ปราณบุรี","0.00","เล็กน้อย-ปานกลาง"
"ภาคใต้ฝั่งตะวันออก","ประจวบคีรีขันธ์","สามร้อยยอด","0.00","เล็กน้อย-ปานกลาง"
"ภาคใต้ฝั่งตะวันออก","ประจวบคีรีขันธ์","ทับสะแก","0.00","เล็กน้อย-ปานกลาง"
"ภาคใต้ฝั่งตะวันออก","นครศรีธรรมราช","บางขัน","0.00","เล็กน้อย-ปานกลาง"
"ภาคใต้ฝั่งตะวันตก","กระบี่","คลองท่อม","0.00","เล็กน้อย-ปานกลาง"
"ภาคใต้ฝั่งตะวันตก","กระบี่","ลำทับ","0.00","เล็กน้อย-ปานกลาง"
"ภาคใต้ฝั่งตะวันตก","กระบี่","เหนือคลอง","0.00","เล็กน้อย-ปานกลาง"
"ภาคใต้ฝั่งตะวันตก","ระนอง","ละอุ่น","0.00","เล็กน้อย-ปานกลาง"
"ภาคใต้ฝั่งตะวันออก","สงขลา","คลองหอยโข่ง","0.00","เล็กน้อย-ปานกลาง"
"ภาคใต้ฝั่งตะวันตก","สตูล","ควนโดน","0.00","เล็กน้อย-ปานกลาง"
"ภาคใต้ฝั่งตะวันตก","สตูล","ละงู","0.00","เล็กน้อย-ปานกลาง"
"ภาคใต้ฝั่งตะวันตก","สตูล","มะนัง","0.00","เล็กน้อย-ปานกลาง"
"ภาคใต้ฝั่งตะวันตก","สตูล","เมืองสตูล","0.00","เล็กน้อย-ปานกลาง"
"ภาคใต้ฝั่งตะวันตก","สตูล","ท่าแพ","0.00","เล็กน้อย-ปานกลาง"
"ภาคใต้ฝั่งตะวันตก","ตรัง","วังวิเศษ","0.00","เล็กน้อย-ปานกลาง"
"ภาคใต้ฝั่งตะวันออก","ปัตตานี","เมืองปัตตานี","0.00","เล็กน้อย-ปานกลาง"
"ภาคใต้ฝั่งตะวันออก","ปัตตานี","ยะหริ่ง","0.00","เล็กน้อย-ปานกลาง"
"ภาคใต้ฝั่งตะวันออก","ยะลา","กาบัง","0.00","เล็กน้อย-ปานกลาง"
"ภาคใต้ฝั่งตะวันออก","ยะลา","กรงปินัง","0.00","เล็กน้อย-ปานกลาง"
